CCSDS_STREAMID,CCSDS_SEQUENCE,CCSDS_LENGTH,CCSDS_SECONDS,CCSDS_SUBSECS,CCSDS_SPARE,GPS_WEEKS,GPS_SECONDS,GPS_FRAC_SECS,ECEF_X,ECEF_Y,ECEF_Z,VEL_X,VEL_Y,VEL_Z,LAT,LON,ALT
2161,49344,83,63,56360,0,341,150282,0.422,-2606000,-6246000,369700,4036,-1324,6028,2.534973145,-113.0742416,400027.9688
2161,49345,83,64,7208,0,341,150282,0.672,-2605000,-6246000,371200,4037,-1322,6028,2.534973145,-113.0742416,400027.9688
2161,49346,83,64,23592,0,341,150282,0.922,-2604000,-6247000,372700,4038,-1320,6028,2.534973145,-113.0742416,400027.9688
2161,49347,83,64,39976,0,341,150283,0.172,-2603000,-6247000,374200,4039,-1318,6028,2.534973145,-113.0742416,400027.9688
2161,49348,83,64,56360,0,341,150283,0.422,-2602000,-6247000,375700,4040,-1317,6028,2.534973145,-113.0742416,400027.9688
2161,49349,83,65,7208,0,341,150283,0.672,-2601000,-6248000,377200,4040,-1315,6028,2.534973145,-113.0742416,400027.9688
2161,49350,83,65,23592,0,341,150283,0.922,-2600000,-6248000,378700,4041,-1313,6027,2.534973145,-113.0742416,400027.9688
2161,49351,83,65,39976,0,341,150284,0.172,-2599000,-6248000,380200,4042,-1311,6027,2.534973145,-113.0742416,400027.9688
2161,49352,83,65,56360,0,341,150284,0.422,-2598000,-6249000,381700,4043,-1309,6027,2.534973145,-113.0742416,400027.9688
2161,49353,83,66,7208,0,341,150284,0.672,-2597000,-6249000,383200,4043,-1307,6027,2.534973145,-113.0742416,400027.9688
2161,49354,83,66,23592,0,341,150284,0.922,-2596000,-6249000,384700,4044,-1306,6027,2.534973145,-113.0742416,400027.9688
2161,49355,83,66,39976,0,341,150285,0.172,-2595000,-6250000,386100,4045,-1304,6027,2.534973145,-113.0742416,400027.9688
2161,49356,83,66,56360,0,341,150285,0.422,-2594000,-6250000,387600,4046,-1302,6027,2.534973145,-113.0742416,400027.9688
2161,49357,83,67,7208,0,341,150285,0.672,-2593000,-6250000,389100,4047,-1300,6027,2.534973145,-113.0742416,400027.9688
2161,49358,83,67,23592,0,341,150285,0.922,-2592000,-6251000,390600,4047,-1298,6026,2.534973145,-113.0742416,400027.9688
2161,49359,83,67,39976,0,341,150286,0.172,-2591000,-6251000,392100,4048,-1296,6026,2.534973145,-113.0742416,400027.9688
2161,49360,83,67,56360,0,341,150286,0.422,-2590000,-6251000,393600,4049,-1294,6026,2.534973145,-113.0742416,400027.9688
2161,49361,83,68,7208,0,341,150286,0.672,-2589000,-6252000,395100,4050,-1293,6026,2.534973145,-113.0742416,400027.9688
2161,49362,83,68,23592,0,341,150286,0.922,-2588000,-6252000,396600,4050,-1291,6026,2.534973145,-113.0742416,400027.9688
2161,49363,83,68,39976,0,341,150287,0.172,-2587000,-6252000,398100,4051,-1289,6026,2.534973145,-113.0742416,400027.9688
2161,49364,83,68,56360,0,341,150287,0.422,-2586000,-6253000,399600,4052,-1287,6026,2.534973145,-113.0742416,400027.9688
2161,49365,83,69,7208,0,341,150287,0.672,-2585000,-6253000,401100,4053,-1285,6026,2.534973145,-113.0742416,400027.9688
2161,49366,83,69,24248,0,341,150287,0.922,-2584000,-6253000,402600,4054,-1283,6025,2.534973145,-113.0742416,400027.9688
2161,49367,83,69,40632,0,341,150288,0.172,-2583000,-6254000,404100,4054,-1282,6025,2.534973145,-113.0742416,400027.9688
2161,49368,83,69,57016,0,341,150288,0.422,-2582000,-6254000,405600,4055,-1280,6025,2.534973145,-113.0742416,400027.9688
2161,49369,83,70,24248,0,341,150288,0.922,-2580000,-6254000,408600,4057,-1276,6025,2.534973145,-113.0742416,400027.9688
2161,49370,83,70,40632,0,341,150289,0.172,-2579000,-6255000,410100,4057,-1274,6025,2.534973145,-113.0742416,400027.9688
2161,49371,83,70,57016,0,341,150289,0.422,-2578000,-6255000,411600,4058,-1272,6025,2.534973145,-113.0742416,400027.9688
2161,49372,83,71,7864,0,341,150289,0.672,-2577000,-6255000,413100,4059,-1270,6025,2.534973145,-113.0742416,400027.9688
2161,49373,83,71,24248,0,341,150289,0.922,-2576000,-6256000,414600,4060,-1269,6024,2.534973145,-113.0742416,400027.9688
2161,49374,83,71,40632,0,341,150290,0.172,-2575000,-6256000,416000,4061,-1267,6024,2.534973145,-113.0742416,400027.9688
2161,49375,83,71,57016,0,341,150290,0.422,-2574000,-6256000,417500,4061,-1265,6024,2.534973145,-113.0742416,400027.9688
2161,49376,83,72,7864,0,341,150290,0.672,-2573000,-6257000,419000,4062,-1263,6024,2.534973145,-113.0742416,400027.9688
2161,49377,83,72,24248,0,341,150290,0.922,-2572000,-6257000,420500,4063,-1261,6024,2.534973145,-113.0742416,400027.9688
2161,49378,83,72,40632,0,341,150291,0.172,-2571000,-6257000,422000,4064,-1259,6024,2.534973145,-113.0742416,400027.9688
2161,49379,83,72,57016,0,341,150291,0.422,-2570000,-6258000,423500,4064,-1258,6024,2.534973145,-113.0742416,400027.9688
2161,49380,83,73,7864,0,341,150291,0.672,-2569000,-6258000,425100,4065,-1256,6023,2.534973145,-113.0742416,400027.9688
2161,49381,83,73,24248,0,341,150291,0.922,-2568000,-6258000,426600,4066,-1254,6023,2.534973145,-113.0742416,400027.9688
2161,49382,83,73,40632,0,341,150292,0.172,-2567000,-6259000,428000,4067,-1252,6023,2.534973145,-113.0742416,400027.9688
2161,49383,83,73,57016,0,341,150292,0.422,-2566000,-6259000,429500,4068,-1250,6023,2.534973145,-113.0742416,400027.9688
2161,49384,83,74,7864,0,341,150292,0.672,-2565000,-6259000,431000,4068,-1248,6023,2.534973145,-113.0742416,400027.9688
2161,49385,83,74,24248,0,341,150292,0.922,-2564000,-6259000,432500,4069,-1246,6023,2.534973145,-113.0742416,400027.9688
2161,49386,83,74,40632,0,341,150293,0.172,-2563000,-6260000,434000,4070,-1245,6023,2.534973145,-113.0742416,400027.9688
2161,49387,83,74,57016,0,341,150293,0.422,-2562000,-6260000,435500,4071,-1243,6022,2.534973145,-113.0742416,400027.9688
2161,49388,83,75,7864,0,341,150293,0.672,-2561000,-6260000,437000,4071,-1241,6022,2.534973145,-113.0742416,400027.9688
2161,49389,83,75,24248,0,341,150293,0.922,-2560000,-6261000,438500,4072,-1239,6022,2.534973145,-113.0742416,400027.9688
2161,49390,83,75,40632,0,341,150293,0.922,-2560000,-6261000,438500,4072,-1239,6022,3.744957209,-112.2302704,399986.0938
2161,49391,83,75,57016,0,341,150294,0.422,-2558000,-6261000,441400,4074,-1235,6022,3.744957209,-112.2302704,399986.0938
2161,49392,83,76,7864,0,341,150294,0.672,-2557000,-6262000,442900,4074,-1233,6022,3.744957209,-112.2302704,399986.0938
2161,49393,83,76,24248,0,341,150294,0.922,-2556000,-6262000,444400,4075,-1232,6022,3.744957209,-112.2302704,399986.0938
2161,49394,83,76,40632,0,341,150295,0.172,-2555000,-6262000,445900,4076,-1230,6021,3.744957209,-112.2302704,399986.0938
2161,49395,83,76,57016,0,341,150295,0.422,-2554000,-6263000,447500,4077,-1228,6021,3.744957209,-112.2302704,399986.0938
2161,49396,83,77,7864,0,341,150295,0.672,-2553000,-6263000,449000,4078,-1226,6021,3.744957209,-112.2302704,399986.0938
2161,49397,83,77,24248,0,341,150295,0.922,-2552000,-6263000,450500,4078,-1224,6021,3.744957209,-112.2302704,399986.0938
2161,49398,83,77,40632,0,341,150296,0.172,-2551000,-6263000,451900,4079,-1222,6021,3.744957209,-112.2302704,399986.0938
2161,49399,83,77,57016,0,341,150296,0.422,-2550000,-6264000,453400,4080,-1221,6021,3.744957209,-112.2302704,399986.0938
2161,49400,83,78,7864,0,341,150296,0.672,-2549000,-6264000,454900,4081,-1219,6021,3.744957209,-112.2302704,399986.0938
2161,49401,83,78,24248,0,341,150296,0.922,-2548000,-6264000,456400,4081,-1217,6021,3.744957209,-112.2302704,399986.0938
2161,49402,83,78,40632,0,341,150297,0.172,-2547000,-6265000,457900,4082,-1215,6020,3.744957209,-112.2302704,399986.0938
2161,49403,83,78,57016,0,341,150297,0.422,-2546000,-6265000,459400,4083,-1213,6020,3.744957209,-112.2302704,399986.0938
2161,49404,83,79,7864,0,341,150297,0.672,-2545000,-6265000,460900,4084,-1211,6020,3.744957209,-112.2302704,399986.0938
2161,49405,83,79,24248,0,341,150297,0.922,-2544000,-6266000,462400,4084,-1209,6020,3.744957209,-112.2302704,399986.0938
2161,49406,83,79,40632,0,341,150298,0.172,-2543000,-6266000,463900,4085,-1208,6020,3.744957209,-112.2302704,399986.0938
2161,49407,83,79,57016,0,341,150298,0.422,-2542000,-6266000,465400,4086,-1206,6020,3.744957209,-112.2302704,399986.0938
2161,49408,83,80,7864,0,341,150298,0.672,-2541000,-6266000,466900,4087,-1204,6019,3.744957209,-112.2302704,399986.0938
2161,49409,83,80,24248,0,341,150298,0.922,-2540000,-6267000,468400,4088,-1202,6019,3.744957209,-112.2302704,399986.0938
2161,49410,83,80,41287,0,341,150299,0.172,-2539000,-6267000,469900,4088,-1200,6019,3.744957209,-112.2302704,399986.0938
2161,49411,83,80,57671,0,341,150299,0.422,-2538000,-6267000,471400,4089,-1198,6019,3.744957209,-112.2302704,399986.0938
2161,49412,83,81,8519,0,341,150299,0.422,-2538000,-6267000,471400,4089,-1198,6019,4.025709629,-112.0340271,399978.8125
2161,49413,83,81,41287,0,341,150300,0.172,-2535000,-6268000,475800,4091,-1193,6019,4.025709629,-112.0340271,399978.8125
2161,49414,83,81,57671,0,341,150300,0.422,-2534000,-6269000,477300,4092,-1191,6018,4.025709629,-112.0340271,399978.8125
2161,49415,83,82,8519,0,341,150300,0.672,-2533000,-6269000,478800,4093,-1189,6018,4.025709629,-112.0340271,399978.8125
2161,49416,83,82,24903,0,341,150300,0.922,-2532000,-6269000,480300,4094,-1187,6018,4.025709629,-112.0340271,399978.8125
2161,49417,83,82,41287,0,341,150301,0.172,-2531000,-6269000,481800,4094,-1185,6018,4.025709629,-112.0340271,399978.8125
2161,49418,83,82,57671,0,341,150301,0.422,-2530000,-6270000,483300,4095,-1184,6018,4.025709629,-112.0340271,399978.8125
2161,49419,83,83,8519,0,341,150301,0.672,-2528000,-6270000,484800,4096,-1182,6018,4.025709629,-112.0340271,399978.8125
2161,49420,83,83,24903,0,341,150301,0.922,-2527000,-6270000,486300,4097,-1180,6017,4.025709629,-112.0340271,399978.8125
2161,49421,83,83,41287,0,341,150302,0.172,-2526000,-6271000,487800,4097,-1178,6017,4.025709629,-112.0340271,399978.8125
2161,49422,83,83,57671,0,341,150302,0.422,-2525000,-6271000,489300,4098,-1176,6017,4.025709629,-112.0340271,399978.8125
2161,49423,83,84,8519,0,341,150302,0.672,-2524000,-6271000,490800,4099,-1174,6017,4.025709629,-112.0340271,399978.8125
2161,49424,83,84,24903,0,341,150302,0.922,-2523000,-6271000,492300,4100,-1173,6017,4.025709629,-112.0340271,399978.8125
2161,49425,83,84,41287,0,341,150303,0.172,-2522000,-6272000,493700,4101,-1171,6017,4.025709629,-112.0340271,399978.8125
2161,49426,83,84,57671,0,341,150303,0.422,-2521000,-6272000,495200,4101,-1169,6016,4.025709629,-112.0340271,399978.8125
2161,49427,83,85,8519,0,341,150303,0.422,-2521000,-6272000,495200,4101,-1169,6016,4.025709629,-112.0340271,399978.8125
2161,49428,83,85,24903,0,341,150303,0.422,-2521000,-6272000,495200,4101,-1169,6016,4.025709629,-112.0340271,399978.8125
2161,49429,83,85,41287,0,341,150303,0.422,-2521000,-6272000,495200,4101,-1169,6016,4.025709629,-112.0340271,399978.8125
2161,49430,83,85,57671,0,341,150303,0.422,-2521000,-6272000,495200,4101,-1169,6016,4.025709629,-112.0340271,399978.8125
2161,49431,83,86,8519,0,341,150303,0.422,-2521000,-6272000,495200,4101,-1169,6016,4.025709629,-112.0340271,399978.8125
2161,49432,83,86,57671,0,341,150303,0.422,-2521000,-6272000,495200,4101,-1169,6016,4.025709629,-112.0340271,399978.8125
2161,49433,83,87,8519,0,341,150303,0.422,-2521000,-6272000,495200,4101,-1169,6016,4.025709629,-112.0340271,399978.8125
2161,49434,83,87,24903,0,341,150303,0.422,-2521000,-6272000,495200,4101,-1169,6016,4.025709629,-112.0340271,399978.8125
2161,49435,83,87,41287,0,341,150303,0.422,-2521000,-6272000,495200,4101,-1169,6016,4.025709629,-112.0340271,399978.8125
2161,49436,83,87,57671,0,341,150303,0.422,-2521000,-6272000,495200,4101,-1169,6016,4.025709629,-112.0340271,399978.8125
2161,49437,83,88,8519,0,341,150303,0.422,-2521000,-6272000,495200,4101,-1169,6016,4.025709629,-112.0340271,399978.8125
2161,49438,83,88,24903,0,341,150303,0.422,-2521000,-6272000,495200,4101,-1169,6016,4.025709629,-112.0340271,399978.8125
2161,49439,83,88,41287,0,341,150303,0.422,-2521000,-6272000,495200,4101,-1169,6016,4.025709629,-112.0340271,399978.8125
2161,49440,83,88,57671,0,341,150303,0.422,-2521000,-6272000,495200,4101,-1169,6016,4.025709629,-112.0340271,399978.8125
2161,49441,83,89,8519,0,341,150303,0.422,-2521000,-6272000,495200,4101,-1169,6016,4.025709629,-112.0340271,399978.8125
2161,49442,83,89,24903,0,341,150303,0.422,-2521000,-6272000,495200,4101,-1169,6016,4.025709629,-112.0340271,399978.8125
2161,49443,83,89,41287,0,341,150303,0.422,-2521000,-6272000,495200,4101,-1169,6016,4.025709629,-112.0340271,399978.8125
2161,49444,83,89,57671,0,341,150303,0.422,-2521000,-6272000,495200,4101,-1169,6016,4.025709629,-112.0340271,399978.8125
2161,49445,83,90,8519,0,341,150303,0.422,-2521000,-6272000,495200,4101,-1169,6016,4.025709629,-112.0340271,399978.8125
2161,49446,83,90,24903,0,341,150303,0.422,-2521000,-6272000,495200,4101,-1169,6016,4.025709629,-112.0340271,399978.8125
2161,49447,83,90,41287,0,341,150303,0.422,-2521000,-6272000,495200,4101,-1169,6016,4.025709629,-112.0340271,399978.8125
2161,49448,83,90,57671,0,341,150303,0.422,-2521000,-6272000,495200,4101,-1169,6016,4.025709629,-112.0340271,399978.8125
2161,49449,83,91,8519,0,341,150303,0.422,-2521000,-6272000,495200,4101,-1169,6016,4.025709629,-112.0340271,399978.8125
2161,49450,83,91,25559,0,341,150303,0.422,-2521000,-6272000,495200,4101,-1169,6016,4.025709629,-112.0340271,399978.8125
2161,49451,83,91,41943,0,341,150303,0.422,-2521000,-6272000,495200,4101,-1169,6016,4.025709629,-112.0340271,399978.8125
2161,49452,83,91,58327,0,341,150303,0.422,-2521000,-6272000,495200,4101,-1169,6016,4.025709629,-112.0340271,399978.8125
2161,49453,83,92,9175,0,341,150303,0.422,-2521000,-6272000,495200,4101,-1169,6016,4.025709629,-112.0340271,399978.8125
2161,49454,83,92,25559,0,341,150303,0.422,-2521000,-6272000,495200,4101,-1169,6016,4.025709629,-112.0340271,399978.8125
2161,49455,83,92,41943,0,341,150303,0.422,-2521000,-6272000,495200,4101,-1169,6016,4.025709629,-112.0340271,399978.8125
2161,49456,83,92,58327,0,341,150303,0.422,-2521000,-6272000,495200,4101,-1169,6016,4.025709629,-112.0340271,399978.8125
2161,49457,83,93,9175,0,341,150303,0.422,-2521000,-6272000,495200,4101,-1169,6016,4.025709629,-112.0340271,399978.8125
2161,49458,83,93,25559,0,341,150303,0.422,-2521000,-6272000,495200,4101,-1169,6016,4.025709629,-112.0340271,399978.8125
2161,49459,83,93,41943,0,341,150303,0.422,-2521000,-6272000,495200,4101,-1169,6016,4.025709629,-112.0340271,399978.8125
2161,49460,83,93,58327,0,341,150303,0.422,-2521000,-6272000,495200,4101,-1169,6016,4.025709629,-112.0340271,399978.8125
2161,49461,83,94,9175,0,341,150303,0.422,-2521000,-6272000,495200,4101,-1169,6016,4.025709629,-112.0340271,399978.8125
2161,49462,83,94,25559,0,341,150303,0.422,-2521000,-6272000,495200,4101,-1169,6016,4.025709629,-112.0340271,399978.8125
2161,49463,83,94,41943,0,341,150303,0.422,-2521000,-6272000,495200,4101,-1169,6016,4.025709629,-112.0340271,399978.8125
2161,49464,83,94,58327,0,341,150303,0.422,-2521000,-6272000,495200,4101,-1169,6016,4.025709629,-112.0340271,399978.8125
2161,49465,83,95,9175,0,341,150303,0.422,-2521000,-6272000,495200,4101,-1169,6016,4.025709629,-112.0340271,399978.8125
2161,49466,83,95,25559,0,341,150303,0.422,-2521000,-6272000,495200,4101,-1169,6016,4.025709629,-112.0340271,399978.8125
2161,49467,83,95,41943,0,341,150303,0.422,-2521000,-6272000,495200,4101,-1169,6016,4.025709629,-112.0340271,399978.8125
2161,49468,83,95,58327,0,341,150303,0.422,-2521000,-6272000,495200,4101,-1169,6016,4.025709629,-112.0340271,399978.8125
2161,49469,83,96,9175,0,341,150303,0.422,-2521000,-6272000,495200,4101,-1169,6016,4.025709629,-112.0340271,399978.8125
2161,49470,83,96,25559,0,341,150303,0.422,-2521000,-6272000,495200,4101,-1169,6016,4.025709629,-112.0340271,399978.8125
2161,49471,83,96,41943,0,341,150303,0.422,-2521000,-6272000,495200,4101,-1169,6016,4.025709629,-112.0340271,399978.8125
2161,49472,83,96,58327,0,341,150303,0.422,-2521000,-6272000,495200,4101,-1169,6016,4.025709629,-112.0340271,399978.8125
2161,49473,83,97,9175,0,341,150303,0.422,-2521000,-6272000,495200,4101,-1169,6016,4.025709629,-112.0340271,399978.8125
2161,49474,83,97,25559,0,341,150303,0.422,-2521000,-6272000,495200,4101,-1169,6016,4.025709629,-112.0340271,399978.8125
2161,49475,83,97,41943,0,341,150303,0.422,-2521000,-6272000,495200,4101,-1169,6016,4.025709629,-112.0340271,399978.8125
2161,49476,83,97,58327,0,341,150303,0.422,-2521000,-6272000,495200,4101,-1169,6016,4.025709629,-112.0340271,399978.8125
2161,49477,83,98,9175,0,341,150303,0.422,-2521000,-6272000,495200,4101,-1169,6016,4.025709629,-112.0340271,399978.8125
2161,49478,83,98,25559,0,341,150303,0.422,-2521000,-6272000,495200,4101,-1169,6016,4.025709629,-112.0340271,399978.8125
2161,49479,83,98,41943,0,341,150303,0.422,-2521000,-6272000,495200,4101,-1169,6016,4.025709629,-112.0340271,399978.8125
2161,49480,83,98,58327,0,341,150303,0.422,-2521000,-6272000,495200,4101,-1169,6016,4.025709629,-112.0340271,399978.8125
2161,49481,83,99,9175,0,341,150303,0.422,-2521000,-6272000,495200,4101,-1169,6016,4.025709629,-112.0340271,399978.8125
2161,49482,83,99,25559,0,341,150303,0.422,-2521000,-6272000,495200,4101,-1169,6016,4.025709629,-112.0340271,399978.8125
2161,49483,83,99,41943,0,341,150303,0.422,-2521000,-6272000,495200,4101,-1169,6016,4.025709629,-112.0340271,399978.8125
2161,49484,83,99,58327,0,341,150303,0.422,-2521000,-6272000,495200,4101,-1169,6016,4.025709629,-112.0340271,399978.8125
2161,49485,83,100,9175,0,341,150303,0.422,-2521000,-6272000,495200,4101,-1169,6016,4.025709629,-112.0340271,399978.8125
2161,49486,83,100,25559,0,341,150303,0.422,-2521000,-6272000,495200,4101,-1169,6016,4.025709629,-112.0340271,399978.8125
2161,49487,83,100,41943,0,341,150303,0.422,-2521000,-6272000,495200,4101,-1169,6016,4.025709629,-112.0340271,399978.8125
2161,49488,83,100,58327,0,341,150303,0.422,-2521000,-6272000,495200,4101,-1169,6016,4.025709629,-112.0340271,399978.8125
2161,49489,83,101,9175,0,341,150303,0.422,-2521000,-6272000,495200,4101,-1169,6016,4.025709629,-112.0340271,399978.8125
2161,49490,83,101,25559,0,341,150303,0.422,-2521000,-6272000,495200,4101,-1169,6016,4.025709629,-112.0340271,399978.8125
2161,49491,83,101,41943,0,341,150303,0.422,-2521000,-6272000,495200,4101,-1169,6016,4.025709629,-112.0340271,399978.8125
2161,49492,83,101,58327,0,341,150303,0.422,-2521000,-6272000,495200,4101,-1169,6016,4.025709629,-112.0340271,399978.8125
2161,49493,83,102,9175,0,341,150303,0.422,-2521000,-6272000,495200,4101,-1169,6016,4.025709629,-112.0340271,399978.8125
2161,49494,83,102,25559,0,341,150303,0.422,-2521000,-6272000,495200,4101,-1169,6016,4.025709629,-112.0340271,399978.8125
2161,49495,83,102,41943,0,341,150303,0.422,-2521000,-6272000,495200,4101,-1169,6016,4.025709629,-112.0340271,399978.8125
2161,49496,83,103,9175,0,341,150303,0.422,-2521000,-6272000,495200,4101,-1169,6016,4.025709629,-112.0340271,399978.8125
2161,49497,83,103,25559,0,341,150303,0.422,-2521000,-6272000,495200,4101,-1169,6016,4.025709629,-112.0340271,399978.8125
2161,49498,83,103,41943,0,341,150303,0.422,-2521000,-6272000,495200,4101,-1169,6016,4.025709629,-112.0340271,399978.8125
2161,49499,83,103,58327,0,341,150303,0.422,-2521000,-6272000,495200,4101,-1169,6016,4.025709629,-112.0340271,399978.8125
2161,49500,83,104,9175,0,341,150303,0.422,-2521000,-6272000,495200,4101,-1169,6016,4.025709629,-112.0340271,399978.8125
2161,49501,83,104,25559,0,341,150303,0.422,-2521000,-6272000,495200,4101,-1169,6016,4.025709629,-112.0340271,399978.8125
2161,49502,83,104,41943,0,341,150303,0.422,-2521000,-6272000,495200,4101,-1169,6016,4.025709629,-112.0340271,399978.8125
2161,49503,83,104,58327,0,341,150303,0.422,-2521000,-6272000,495200,4101,-1169,6016,4.025709629,-112.0340271,399978.8125
2161,49504,83,105,9175,0,341,150303,0.422,-2521000,-6272000,495200,4101,-1169,6016,4.025709629,-112.0340271,399978.8125
2161,49505,83,105,25559,0,341,150303,0.422,-2521000,-6272000,495200,4101,-1169,6016,4.025709629,-112.0340271,399978.8125
2161,49506,83,105,41943,0,341,150303,0.422,-2521000,-6272000,495200,4101,-1169,6016,4.025709629,-112.0340271,399978.8125
2161,49507,83,105,58327,0,341,150303,0.422,-2521000,-6272000,495200,4101,-1169,6016,4.025709629,-112.0340271,399978.8125
2161,49508,83,106,9175,0,341,150303,0.422,-2521000,-6272000,495200,4101,-1169,6016,4.025709629,-112.0340271,399978.8125
2161,49509,83,106,25559,0,341,150303,0.422,-2521000,-6272000,495200,4101,-1169,6016,4.025709629,-112.0340271,399978.8125
2161,49510,83,106,41943,0,341,150303,0.422,-2521000,-6272000,495200,4101,-1169,6016,4.025709629,-112.0340271,399978.8125
2161,49511,83,106,58327,0,341,150303,0.422,-2521000,-6272000,495200,4101,-1169,6016,4.025709629,-112.0340271,399978.8125
2161,49512,83,107,9175,0,341,150303,0.422,-2521000,-6272000,495200,4101,-1169,6016,4.025709629,-112.0340271,399978.8125
2161,49513,83,107,25559,0,341,150303,0.422,-2521000,-6272000,495200,4101,-1169,6016,4.025709629,-112.0340271,399978.8125
2161,49514,83,107,42598,0,341,150303,0.422,-2521000,-6272000,495200,4101,-1169,6016,4.025709629,-112.0340271,399978.8125
2161,49515,83,107,58982,0,341,150303,0.422,-2521000,-6272000,495200,4101,-1169,6016,4.025709629,-112.0340271,399978.8125
2161,49516,83,108,9830,0,341,150303,0.422,-2521000,-6272000,495200,4101,-1169,6016,4.025709629,-112.0340271,399978.8125
2161,49517,83,108,26214,0,341,150303,0.422,-2521000,-6272000,495200,4101,-1169,6016,4.025709629,-112.0340271,399978.8125
2161,49518,83,108,42598,0,341,150303,0.422,-2521000,-6272000,495200,4101,-1169,6016,4.025709629,-112.0340271,399978.8125
2161,49519,83,108,58982,0,341,150303,0.422,-2521000,-6272000,495200,4101,-1169,6016,4.025709629,-112.0340271,399978.8125
2161,49520,83,109,9830,0,341,150303,0.422,-2521000,-6272000,495200,4101,-1169,6016,4.025709629,-112.0340271,399978.8125
2161,49521,83,109,26214,0,341,150303,0.422,-2521000,-6272000,495200,4101,-1169,6016,4.025709629,-112.0340271,399978.8125
2161,49522,83,109,42598,0,341,150303,0.422,-2521000,-6272000,495200,4101,-1169,6016,4.025709629,-112.0340271,399978.8125
2161,49523,83,109,58982,0,341,150303,0.422,-2521000,-6272000,495200,4101,-1169,6016,4.025709629,-112.0340271,399978.8125
2161,49524,83,110,9830,0,341,150303,0.422,-2521000,-6272000,495200,4101,-1169,6016,4.025709629,-112.0340271,399978.8125
2161,49525,83,110,26214,0,341,150303,0.422,-2521000,-6272000,495200,4101,-1169,6016,4.025709629,-112.0340271,399978.8125
2161,49526,83,110,42598,0,341,150303,0.422,-2521000,-6272000,495200,4101,-1169,6016,4.025709629,-112.0340271,399978.8125
2161,49527,83,110,58982,0,341,150303,0.422,-2521000,-6272000,495200,4101,-1169,6016,4.025709629,-112.0340271,399978.8125
2161,49528,83,111,9830,0,341,150303,0.422,-2521000,-6272000,495200,4101,-1169,6016,4.025709629,-112.0340271,399978.8125
2161,49529,83,111,26214,0,341,150303,0.422,-2521000,-6272000,495200,4101,-1169,6016,4.025709629,-112.0340271,399978.8125
2161,49530,83,111,42598,0,341,150303,0.422,-2521000,-6272000,495200,4101,-1169,6016,4.025709629,-112.0340271,399978.8125
2161,49531,83,111,58982,0,341,150303,0.422,-2521000,-6272000,495200,4101,-1169,6016,4.025709629,-112.0340271,399978.8125
2161,49532,83,112,9830,0,341,150303,0.422,-2521000,-6272000,495200,4101,-1169,6016,4.025709629,-112.0340271,399978.8125
2161,49533,83,112,26214,0,341,150303,0.422,-2521000,-6272000,495200,4101,-1169,6016,4.025709629,-112.0340271,399978.8125
2161,49534,83,112,42598,0,341,150303,0.422,-2521000,-6272000,495200,4101,-1169,6016,4.025709629,-112.0340271,399978.8125
2161,49535,83,112,58982,0,341,150303,0.422,-2521000,-6272000,495200,4101,-1169,6016,4.025709629,-112.0340271,399978.8125
2161,49536,83,113,9830,0,341,150303,0.422,-2521000,-6272000,495200,4101,-1169,6016,4.025709629,-112.0340271,399978.8125
2161,49537,83,113,26869,0,341,150303,0.422,-2521000,-6272000,495200,4101,-1169,6016,4.025709629,-112.0340271,399978.8125
2161,49538,83,113,43253,0,341,150303,0.422,-2521000,-6272000,495200,4101,-1169,6016,4.025709629,-112.0340271,399978.8125
2161,49539,83,113,59637,0,341,150303,0.422,-2521000,-6272000,495200,4101,-1169,6016,4.025709629,-112.0340271,399978.8125
2161,49540,83,114,10485,0,341,150303,0.422,-2521000,-6272000,495200,4101,-1169,6016,4.025709629,-112.0340271,399978.8125
2161,49541,83,114,26869,0,341,150303,0.422,-2521000,-6272000,495200,4101,-1169,6016,4.025709629,-112.0340271,399978.8125
2161,49542,83,114,43253,0,341,150303,0.422,-2521000,-6272000,495200,4101,-1169,6016,4.025709629,-112.0340271,399978.8125
2161,49543,83,114,59637,0,341,150303,0.422,-2521000,-6272000,495200,4101,-1169,6016,4.025709629,-112.0340271,399978.8125
2161,49544,83,115,10485,0,341,150303,0.422,-2521000,-6272000,495200,4101,-1169,6016,4.025709629,-112.0340271,399978.8125
2161,49545,83,115,26869,0,341,150303,0.422,-2521000,-6272000,495200,4101,-1169,6016,4.025709629,-112.0340271,399978.8125
2161,49546,83,115,43253,0,341,150303,0.422,-2521000,-6272000,495200,4101,-1169,6016,4.025709629,-112.0340271,399978.8125
2161,49547,83,115,59637,0,341,150303,0.422,-2521000,-6272000,495200,4101,-1169,6016,4.025709629,-112.0340271,399978.8125
2161,49548,83,116,10485,0,341,150303,0.422,-2521000,-6272000,495200,4101,-1169,6016,4.025709629,-112.0340271,399978.8125
2161,49549,83,116,26869,0,341,150303,0.422,-2521000,-6272000,495200,4101,-1169,6016,4.025709629,-112.0340271,399978.8125
2161,49550,83,116,43253,0,341,150303,0.422,-2521000,-6272000,495200,4101,-1169,6016,4.025709629,-112.0340271,399978.8125
2161,49551,83,116,59637,0,341,150303,0.422,-2521000,-6272000,495200,4101,-1169,6016,4.025709629,-112.0340271,399978.8125
2161,49552,83,117,10485,0,341,150335,0.672,-2389000,-6306000,687300,4197,-929.7,5992,4.025709629,-112.0340271,399978.8125
2161,49553,83,117,26869,0,341,150335,0.922,-2388000,-6306000,688800,4198,-927.8,5992,4.025709629,-112.0340271,399978.8125
2161,49554,83,117,43253,0,341,150336,0.172,-2387000,-6306000,690300,4199,-925.9,5992,4.025709629,-112.0340271,399978.8125
2161,49555,83,117,59637,0,341,150336,0.422,-2386000,-6306000,691800,4200,-924,5991,4.025709629,-112.0340271,399978.8125
2161,49556,83,118,10485,0,341,150336,0.672,-2385000,-6306000,693300,4200,-922.3,5991,4.025709629,-112.0340271,399978.8125
2161,49557,83,118,26869,0,341,150336,0.922,-2384000,-6307000,694800,4201,-920.4,5991,4.025709629,-112.0340271,399978.8125
2161,49558,83,118,43253,0,341,150337,0.172,-2383000,-6307000,696200,4202,-918.5,5991,4.025709629,-112.0340271,399978.8125
2161,49559,83,118,60293,0,341,150337,0.422,-2382000,-6307000,697700,4202,-916.7,5991,4.025709629,-112.0340271,399978.8125
2161,49560,83,119,11141,0,341,150337,0.672,-2380000,-6307000,699200,4203,-914.8,5990,4.025709629,-112.0340271,399978.8125
2161,49561,83,119,27525,0,341,150337,0.672,-2380000,-6307000,699200,4203,-914.8,5990,5.971385479,-110.6679459,399890.3125
2161,49562,83,119,43909,0,341,150337,0.672,-2380000,-6307000,699200,4203,-914.8,5990,5.983636379,-110.6592941,399890.7813
2161,49563,83,119,60293,0,341,150338,0.422,-2377000,-6308000,703600,4205,-909.2,5990,5.983636379,-110.6592941,399890.7813
2161,49564,83,120,11141,0,341,150338,0.422,-2377000,-6308000,703600,4205,-909.2,5990,6.009220123,-110.6412125,399881.875
2161,49565,83,120,27525,0,341,150338,0.922,-2375000,-6309000,706600,4207,-905.5,5989,6.009220123,-110.6412125,399881.875
2161,49566,83,120,43909,0,341,150339,0.172,-2374000,-6309000,708100,4207,-903.7,5989,6.009220123,-110.6412125,399881.875
2161,49567,83,120,60293,0,341,150339,0.422,-2373000,-6309000,709600,4208,-901.8,5989,6.009220123,-110.6412125,399881.875
2161,49568,83,121,11141,0,341,150339,0.672,-2372000,-6309000,711100,4209,-899.9,5989,6.009220123,-110.6412125,399881.875
2161,49569,83,121,27525,0,341,150339,0.922,-2371000,-6309000,712600,4210,-898.1,5988,6.009220123,-110.6412125,399881.875
2161,49570,83,121,43909,0,341,150340,0.172,-2370000,-6310000,714000,4210,-896.2,5988,6.009220123,-110.6412125,399881.875
2161,49571,83,121,60293,0,341,150340,0.422,-2369000,-6310000,715500,4211,-894.4,5988,6.009220123,-110.6412125,399881.875
2161,49572,83,122,11141,0,341,150340,0.672,-2368000,-6310000,717000,4212,-892.5,5988,6.009220123,-110.6412125,399881.875
2161,49573,83,122,27525,0,341,150340,0.922,-2367000,-6310000,718500,4213,-890.6,5987,6.009220123,-110.6412125,399881.875
2161,49574,83,122,43909,0,341,150341,0.172,-2366000,-6311000,720000,4213,-888.8,5987,6.009220123,-110.6412125,399881.875
2161,49575,83,122,60293,0,341,150341,0.422,-2365000,-6311000,721500,4214,-886.9,5987,6.009220123,-110.6412125,399881.875
2161,49576,83,123,11141,0,341,150341,0.672,-2364000,-6311000,723000,4215,-885,5987,6.009220123,-110.6412125,399881.875
2161,49577,83,123,27525,0,341,150341,0.922,-2363000,-6311000,724500,4215,-883.2,5986,6.009220123,-110.6412125,399881.875
2161,49578,83,123,44564,0,341,150342,0.172,-2362000,-6311000,726000,4216,-881.4,5986,6.009220123,-110.6412125,399881.875
2161,49579,83,123,60948,0,341,150342,0.422,-2361000,-6312000,727500,4217,-879.5,5986,6.009220123,-110.6412125,399881.875
2161,49580,83,124,11796,0,341,150342,0.672,-2360000,-6312000,729000,4218,-877.6,5986,6.009220123,-110.6412125,399881.875
2161,49581,83,124,60948,0,341,150343,0.422,-2356000,-6312000,733400,4220,-872.1,5985,6.009220123,-110.6412125,399881.875
2161,49582,83,125,11796,0,341,150343,0.672,-2355000,-6313000,734900,4220,-870.2,5985,6.009220123,-110.6412125,399881.875
2161,49583,83,125,28180,0,341,150343,0.922,-2354000,-6313000,736400,4221,-868.3,5985,6.009220123,-110.6412125,399881.875
2161,49584,83,125,44564,0,341,150344,0.172,-2353000,-6313000,737800,4222,-866.5,5984,6.009220123,-110.6412125,399881.875
2161,49585,83,125,60948,0,341,150344,0.422,-2352000,-6313000,739300,4223,-864.6,5984,6.009220123,-110.6412125,399881.875
2161,49586,83,126,11796,0,341,150344,0.672,-2351000,-6314000,740800,4223,-862.7,5984,6.009220123,-110.6412125,399881.875
2161,49587,83,126,28180,0,341,150344,0.922,-2350000,-6314000,742300,4224,-860.9,5984,6.009220123,-110.6412125,399881.875
2161,49588,83,126,44564,0,341,150345,0.172,-2349000,-6314000,743800,4225,-859,5983,6.009220123,-110.6412125,399881.875
2161,49589,83,126,60948,0,341,150345,0.422,-2348000,-6314000,745300,4225,-857.2,5983,6.009220123,-110.6412125,399881.875
2161,49590,83,127,11796,0,341,150345,0.672,-2347000,-6314000,746800,4226,-855.3,5983,6.009220123,-110.6412125,399881.875
2161,49591,83,127,28180,0,341,150345,0.922,-2346000,-6315000,748300,4227,-853.5,5983,6.009220123,-110.6412125,399881.875
2161,49592,83,127,44564,0,341,150346,0.172,-2345000,-6315000,749800,4228,-851.6,5982,6.009220123,-110.6412125,399881.875
2161,49593,83,127,60948,0,341,150346,0.422,-2344000,-6315000,751300,4228,-849.8,5982,6.009220123,-110.6412125,399881.875
2161,49594,83,128,11796,0,341,150346,0.672,-2343000,-6315000,752800,4229,-847.9,5982,6.009220123,-110.6412125,399881.875
2161,49595,83,128,28180,0,341,150346,0.922,-2342000,-6315000,754300,4230,-846,5982,6.009220123,-110.6412125,399881.875
2161,49596,83,128,44564,0,341,150347,0.172,-2341000,-6316000,755700,4230,-844.2,5981,6.009220123,-110.6412125,399881.875
2161,49597,83,128,60948,0,341,150347,0.422,-2340000,-6316000,757200,4231,-842.3,5981,6.009220123,-110.6412125,399881.875
2161,49598,83,129,11796,0,341,150347,0.672,-2339000,-6316000,758700,4232,-840.5,5981,6.009220123,-110.6412125,399881.875
2161,49599,83,129,28180,0,341,150347,0.922,-2338000,-6316000,760200,4233,-838.6,5981,6.009220123,-110.6412125,399881.875
2161,49600,83,129,44564,0,341,150348,0.172,-2336000,-6317000,761700,4233,-836.7,5981,6.009220123,-110.6412125,399881.875
2161,49601,83,129,61603,0,341,150348,0.422,-2335000,-6317000,763200,4234,-834.9,5980,6.009220123,-110.6412125,399881.875
2161,49602,83,130,12451,0,341,150348,0.672,-2334000,-6317000,764700,4235,-833,5980,6.009220123,-110.6412125,399881.875
2161,49603,83,130,28835,0,341,150348,0.922,-2333000,-6317000,766200,4236,-831.2,5980,6.009220123,-110.6412125,399881.875
2161,49604,83,130,45219,0,341,150348,0.922,-2333000,-6317000,766200,4236,-831.2,5980,6.544474125,-110.2629929,399851.875
2161,49605,83,130,61603,0,341,150349,0.422,-2331000,-6318000,769200,4237,-827.4,5979,6.544474125,-110.2629929,399851.875
2161,49606,83,131,12451,0,341,150349,0.672,-2330000,-6318000,770700,4238,-825.6,5979,6.544474125,-110.2629929,399851.875
2161,49607,83,131,28835,0,341,150349,0.922,-2329000,-6318000,772200,4238,-823.7,5979,6.544474125,-110.2629929,399851.875
2161,49608,83,131,45219,0,341,150350,0.172,-2328000,-6318000,773600,4239,-821.8,5979,6.544474125,-110.2629929,399851.875
2161,49609,83,131,61603,0,341,150350,0.422,-2327000,-6318000,775100,4240,-820,5978,6.544474125,-110.2629929,399851.875
2161,49610,83,132,12451,0,341,150350,0.672,-2326000,-6319000,776600,4240,-818.1,5978,6.544474125,-110.2629929,399851.875
2161,49611,83,132,28835,0,341,150350,0.922,-2325000,-6319000,778100,4241,-816.3,5978,6.544474125,-110.2629929,399851.875
2161,49612,83,132,45219,0,341,150351,0.172,-2324000,-6319000,779500,4242,-814.4,5978,6.544474125,-110.2629929,399851.875
2161,49613,83,132,61603,0,341,150351,0.422,-2323000,-6319000,781000,4243,-812.6,5977,6.544474125,-110.2629929,399851.875
2161,49614,83,133,12451,0,341,150351,0.672,-2322000,-6319000,782500,4243,-810.7,5977,6.544474125,-110.2629929,399851.875
2161,49615,83,133,28835,0,341,150351,0.922,-2321000,-6320000,784000,4244,-808.8,5977,6.544474125,-110.2629929,399851.875
2161,49616,83,133,45219,0,341,150352,0.172,-2320000,-6320000,785400,4245,-807,5977,6.544474125,-110.2629929,399851.875
2161,49617,83,133,61603,0,341,150352,0.422,-2319000,-6320000,786900,4245,-805.1,5976,6.544474125,-110.2629929,399851.875
2161,49618,83,134,12451,0,341,150352,0.672,-2318000,-6320000,788400,4246,-803.2,5976,6.544474125,-110.2629929,399851.875
2161,49619,83,134,28835,0,341,150352,0.922,-2316000,-6320000,789900,4247,-801.4,5976,6.544474125,-110.2629929,399851.875
2161,49620,83,134,45219,0,341,150353,0.172,-2315000,-6321000,791400,4248,-799.5,5976,6.544474125,-110.2629929,399851.875
