CCSDS_STREAMID,CCSDS_SEQUENCE,CCSDS_LENGTH,CCSDS_SECONDS,CCSDS_SUBSECS,CCSDS_SPARE,X_LINEAR_ACCELERATION,X_ANGULAR_RATE,Y_LINEAR_ACCELERATION,Y_ANGULAR_RATE,Z_LINEAR_ACCELERATION,Z_ANGULAR_RATE
2342,49203,33,62,1310,0,-0.001496635377407074,0.004300475120544434,0.0014317408204078674,0.003489851951599121,-0.0039344653487205505,-0.030532479286193848
2342,49204,33,63,1310,0,-0.0013470277190208435,-0.005999207496643066,-0.00011082738637924194,0.003871321678161621,-0.003188811242580414,-0.02924501895904541
2342,49205,33,64,1310,0,-0.0013666972517967224,0.003919005393981934,0.0014186277985572815,0.0029653310775756836,-0.003315769135951996,-0.028386712074279785
2342,49206,33,65,1310,0,-0.0012701377272605896,-0.006118416786193848,-7.8640878200531e-05,0.0037282705307006836,-0.002652965486049652,-0.028434395790100098
2342,49207,33,66,1310,0,-0.0013297423720359802,0.005921721458435059,0.0017166510224342346,0.003775954246520996,-0.0022941455245018005,-0.02726614475250244
2342,49208,33,67,1310,0,-0.001146756112575531,-0.00731050968170166,-0.0002014264464378357,0.0032514333724975586,-0.0021105632185935974,-0.026288628578186035
2342,49209,33,68,1310,0,-0.0013196095824241638,0.006350874900817871,0.00182274729013443,0.002345442771911621,-0.0024294480681419373,-0.026431679725646973
2342,49210,33,69,1310,0,-0.001088939607143402,-0.009122490882873535,-0.0004320964217185974,0.0032514333724975586,-0.0015675649046897888,-0.02512037754058838
2342,49211,33,70,1310,0,-0.0011866912245750427,0.006636977195739746,0.0018179789185523987,0.0033468008041381836,-0.0013106688857078552,-0.024262070655822754
2342,49212,33,71,1310,0,-0.0009846314787864685,-0.007668137550354004,-0.0002032145857810974,0.002917647361755371,-0.001286230981349945,-0.024309754371643066
2342,49213,33,72,1310,0,-0.0012266263365745544,0.008067488670349121,0.0020301714539527893,0.0020116567611694336,-0.0014692172408103943,-0.023093819618225098
2342,49214,33,73,1310,0,-0.0008564814925193787,-0.008788704872131348,-0.0003438815474510193,0.0029653310775756836,-0.0007187947630882263,-0.02211630344390869
2342,49215,33,74,1310,0,-0.001070462167263031,0.007352232933044434,0.001872815191745758,0.0031560659408569336,-0.0004863366484642029,-0.021591782569885254
2342,49216,33,75,1310,0,-0.0007384642958641052,-0.008001923561096191,-0.00023420900106430054,0.0027745962142944336,-0.0004106387495994568,-0.020638108253479004
2342,49217,33,76,1310,0,-0.0010734423995018005,0.008115172386169434,0.001949109137058258,0.001963973045349121,-0.0006425008177757263,-0.02008974552154541
2342,49218,33,77,1310,0,-0.0006848201155662537,-0.008407235145568848,-0.000295005738735199,0.0029653310775756836,-2.9169023036956787e-05,-0.020113587379455566
2342,49219,33,78,1310,0,-0.0009774789214134216,0.008067488670349121,0.001891888678073883,0.0031560659408569336,0.0002444162964820862,-0.01925528049468994
2342,49220,33,79,1310,0,-0.0005948171019554138,-0.008216500282287598,-0.0002872571349143982,0.0035375356674194336,0.0005138292908668518,-0.01932680606842041
2342,49221,33,80,1310,0,-0.0009470805525779724,0.008353590965270996,0.0018906965851783752,0.0027745962142944336,0.0003493204712867737,-0.01811087131500244
2342,49222,33,81,1310,0,-0.0004928931593894958,-0.007978081703186035,-0.00026281923055648804,0.0024884939193725586,0.0003493204712867737,-0.01715719699859619
2342,49223,33,82,1310,0,-0.0009220466017723083,0.008687376976013184,0.0018966570496559143,0.0027745962142944336,0.0005936995148658752,-0.017276406288146973
2342,49224,33,83,1310,0,-0.0004493817687034607,-0.007453560829162598,-0.0002109631896018982,0.0031560659408569336,0.0008297339081764221,-0.01734793186187744
2342,49225,33,84,1310,0,-0.0008111819624900818,0.007638335227966309,0.0017118826508522034,0.0024884939193725586,0.0006771460175514221,-0.016108155250549316
2342,49226,33,85,1310,0,-0.00036831945180892944,-0.008550286293029785,-0.0003736838698387146,0.0022977590560913086,0.0006497278809547424,-0.015154480934143066
2342,49227,33,86,1310,0,-0.0008052214980125427,0.008258223533630371,0.0017476454377174377,0.002631545066833496,0.0009298697113990784,-0.015249848365783691
2342,49228,33,87,1310,0,-0.00032003968954086304,-0.007715821266174316,-0.0002866610884666443,0.003108382225036621,0.001155175268650055,-0.01532137393951416
2342,49229,33,88,1310,0,-0.0008201226592063904,0.009211897850036621,0.001803673803806305,0.0027745962142944336,0.0011623278260231018,-0.014081597328186035
2342,49230,33,89,1310,0,-0.00019963830709457397,-0.006642937660217285,-0.0002026185393333435,0.0032514333724975586,0.0013637915253639221,-0.013175606727600098
2342,49231,33,90,1310,0,-0.0006329640746116638,0.007113814353942871,0.001491345465183258,0.003013014793395996,0.001390017569065094,-0.013270974159240723
2342,49232,33,91,1310,0,-0.0002032145857810974,-0.007286667823791504,-0.0002860650420188904,0.0028699636459350586,0.001300610601902008,-0.013342499732971191
2342,49233,33,92,1310,0,-0.0006770715117454529,0.008019804954528809,0.001548565924167633,0.0022977590560913086,0.0011623278260231018,-0.01207888126373291
2342,49234,33,93,1310,0,-0.00010188668966293335,-0.007835030555725098,-0.0004040822386741638,0.0028699636459350586,0.0013733282685279846,-0.011172890663146973
2342,49235,33,94,1310,0,-0.0007068738341331482,0.009211897850036621,0.0015962496399879456,0.002631545066833496,0.0014114752411842346,-0.010576844215393066
2342,49236,33,95,1310,0,-7.983297109603882e-05,-0.006666779518127441,-0.0002801045775413513,0.0025838613510131836,0.0012982264161109924,-0.010648369789123535
2342,49237,33,96,1310,0,-0.0005668029189109802,0.007018446922302246,0.001351870596408844,0.002059340476989746,0.001199282705783844,-0.010696053504943848
2342,49238,33,97,1310,0,-5.599111318588257e-05,-0.008597970008850098,-0.0005304440855979919,0.002059340476989746,0.0011122599244117737,-0.009766221046447754
2342,49239,33,98,1310,0,-0.0006359443068504333,0.008258223533630371,0.0014162436127662659,0.001582503318786621,0.0010013952851295471,-0.009146332740783691
2342,49240,33,99,1310,0,-1.784414052963257e-05,-0.007644295692443848,-0.0004386529326438904,0.002250075340270996,0.0012231245636940002,-0.00921785831451416
2342,49241,33,100,1310,0,-0.0006937608122825623,0.009354948997497559,0.0015414133667945862,0.002059340476989746,0.001294650137424469,-0.009265542030334473
2342,49242,33,101,1310,0,1.0766088962554932e-05,-0.006571412086486816,-0.00034209340810775757,0.0020116567611694336,0.0011444464325904846,-0.008311867713928223
2342,49243,33,102,1310,0,-0.0005071982741355896,0.007066130638122559,0.001186169683933258,0.001582503318786621,0.0010502710938453674,-0.00769197940826416
2342,49244,33,103,1310,0,3.818422555923462e-05,-0.007620453834533691,-0.0004899129271507263,0.0016301870346069336,0.0009727850556373596,-0.007405877113342285
2342,49245,33,104,1310,0,-0.0006782636046409607,0.009211897850036621,0.0014186277985572815,0.0011533498764038086,0.0009012594819068909,-0.007429718971252441
2342,49246,33,105,1310,0,6.917864084243774e-05,-0.006762146949768066,-0.00041659921407699585,0.0018209218978881836,0.0010776892304420471,-0.006833672523498535
2342,49247,33,106,1310,0,-0.00045653432607650757,0.006875395774841309,0.0010931864380836487,0.0018209218978881836,0.0011682882905006409,-0.006523728370666504
2342,49248,33,107,1310,0,8.706003427505493e-05,-0.007572770118713379,-0.0005185231566429138,0.001868605613708496,0.0011003389954566956,-0.006595253944396973
2342,49249,33,108,1310,0,-0.0006460770964622498,0.009307265281677246,0.0013292208313941956,0.0014394521713256836,0.0010228529572486877,-0.005951523780822754
2342,49250,33,109,1310,0,0.00010017305612564087,-0.006714463233947754,-0.0004505738615989685,0.001487135887145996,0.0009048357605934143,-0.005665421485900879
2342,49251,33,110,1310,0,-0.0004607066512107849,0.006827712059020996,0.001040734350681305,0.001105666160583496,0.0008643046021461487,-0.005689263343811035
2342,49252,33,111,1310,0,0.00010136514902114868,-0.008907914161682129,-0.0006931647658348083,0.0012487173080444336,0.0008213892579078674,-0.005736947059631348
2342,49253,33,112,1310,0,-0.000536404550075531,0.007829070091247559,0.001117028295993805,0.0009149312973022461,0.0007558241486549377,-0.005069375038146973
2342,49254,33,113,1310,0,0.00015381723642349243,-0.008144974708557129,-0.0006430968642234802,0.0017255544662475586,0.0009823217988014221,-0.004807114601135254
2342,49255,33,114,1310,0,-0.0007062777876853943,0.008115172386169434,0.001148022711277008,-0.0019937753677368164,-0.0005995854735374451,-0.004759430885314941
2342,49256,33,115,1310,0,6.679445505142212e-05,-0.008311867713928223,-0.0006478652358055115,-0.0001817941665649414,0.00013474375009536743,-0.004759430885314941
2342,49257,33,116,1310,0,-0.0005888566374778748,0.008305907249450684,0.0011527910828590393,0.0004380941390991211,0.000550784170627594,-0.004759430885314941
2342,49258,33,117,1310,0,0.00013355165719985962,-0.007763504981994629,-0.0005989894270896912,0.001201033592224121,0.0007844343781471252,-0.004807114601135254
2342,49259,33,118,1310,0,-0.0006025657057762146,0.009021162986755371,0.0011790171265602112,0.0011533498764038086,0.0008786097168922424,-0.004139542579650879
2342,49260,33,119,1310,0,0.00016216188669204712,-0.007048249244689941,-0.0005542859435081482,0.001296401023864746,0.0007665529847145081,-0.003853440284729004
2342,49261,33,120,1310,0,-0.000529848039150238,0.008067488670349121,0.00105980783700943,0.0009149312973022461,0.0007522478699684143,-0.003853440284729004
2342,49262,33,121,1310,0,0.00019077211618423462,-0.007930397987365723,-0.0006532296538352966,0.001773238182067871,0.0009858980774879456,-0.003924965858459473
2342,49263,33,122,1310,0,-0.0007056817412376404,0.008353590965270996,0.0011134520173072815,-0.001946091651916504,-0.0005733594298362732,-0.003853440284729004
2342,49264,33,123,1310,0,0.00010494142770767212,-0.00807344913482666,-0.0006562098860740662,-0.0001341104507446289,0.00014785677194595337,-0.00387728214263916
2342,49265,33,124,1310,0,-0.0005888566374778748,0.008592009544372559,0.0011194124817848206,0.0004857778549194336,0.0005853548645973206,-0.003853440284729004
2342,49266,33,125,1310,0,0.00019077211618423462,-0.007525086402893066,-0.0006287917494773865,0.0013440847396850586,0.0007653608918190002,-0.0032573938369750977
2342,49267,33,126,1310,0,-0.0006007775664329529,0.009307265281677246,0.0011194124817848206,0.001296401023864746,0.0009024515748023987,-0.00292360782623291
2342,49268,33,127,1310,0,0.0001979246735572815,-0.006762146949768066,-0.0005626305937767029,0.0014394521713256836,0.0007999315857887268,-0.0029712915420532227
2342,49269,33,128,1310,0,-0.0005060061812400818,0.006255507469177246,0.0008273497223854065,-0.0015169382095336914,-0.0004297122359275818,-0.00292360782623291
2342,49270,33,129,1310,0,0.00014308840036392212,-0.008168816566467285,-0.0007003173232078552,8.940696716308594e-06,0.0001609697937965393,-0.0029474496841430664
2342,49271,33,130,1310,0,-0.0005727633833885193,0.008448958396911621,0.0010419264435768127,0.0003427267074584961,0.00046256929636001587,-0.00292360782623291
2342,49272,33,131,1310,0,0.00016693025827407837,-0.007811188697814941,-0.0006663426756858826,0.0004857778549194336,0.00039223581552505493,-0.0029712915420532227
2342,49273,33,132,1310,0,-0.0006097182631492615,0.008782744407653809,0.0010800734162330627,0.0001519918441772461,0.00039223581552505493,-0.0029474496841430664
2342,49274,33,133,1310,0,0.00017527490854263306,-0.007525086402893066,-0.0006579980254173279,0.0003427267074584961,0.00026825815439224243,-0.002327561378479004
2342,49275,33,134,1310,0,-0.0006275996565818787,0.009021162986755371,0.001033581793308258,-1.4901161193847656e-05,0.000245608389377594,-0.001946091651916504
2342,49276,33,135,1310,0,7.871538400650024e-05,-0.007262825965881348,-0.0005346164107322693,0.0001043081283569336,0.00040296465158462524,-0.005307793617248535
2342,49277,33,136,1310,0,-0.0005435571074485779,0.007638335227966309,0.0010097399353981018,-0.0002294778823852539,0.00026110559701919556,-0.0036150217056274414
2342,49278,33,137,1310,0,0.00020507723093032837,-0.008550286293029785,-0.000758729875087738,0.0009626150131225586,0.0005805864930152893,-0.0026613473892211914
2342,49279,33,138,1310,0,-0.0005083903670310974,0.008162856101989746,0.0009429827332496643,0.001010298728942871,0.0007141008973121643,-0.0019937753677368164
2342,49280,33,139,1310,0,0.00024084001779556274,-0.007954239845275879,-0.0007325038313865662,0.001201033592224121,0.0006163492798805237,-0.0017315149307250977
2342,49281,33,140,1310,0,-0.0005578622221946716,0.008735060691833496,0.0009823217988014221,0.0009149312973022461,0.0006533041596412659,-0.0017076730728149414
2342,49282,33,141,1310,0,0.00022891908884048462,-0.007405877113342285,-0.0006758794188499451,0.0010579824447631836,0.0005674734711647034,-0.001755356788635254
2342,49283,33,142,1310,0,-0.0004702433943748474,0.007638335227966309,0.0008726492524147034,0.0008195638656616211,0.0006008520722389221,-0.001755356788635254
2342,49284,33,143,1310,0,0.0002360716462135315,-0.008550286293029785,-0.0007921084761619568,0.001010298728942871,0.0005460157990455627,-0.0018268823623657227
2342,49285,33,144,1310,0,-0.0005060061812400818,0.008115172386169434,0.0008786097168922424,0.0007718801498413086,0.0005352869629859924,-0.0011354684829711914
2342,49286,33,145,1310,0,0.00015262514352798462,-0.008001923561096191,-0.0006544217467308044,0.0009149312973022461,0.0007307901978492737,-0.004521012306213379
2342,49287,33,146,1310,0,-0.0005781278014183044,0.008687376976013184,0.0010621920228004456,0.0005811452865600586,0.0006103888154029846,-0.002828240394592285
2342,49288,33,147,1310,0,0.00021342188119888306,-0.007525086402893066,-0.0006848201155662537,0.0007241964340209961,0.0004351511597633362,-0.0018745660781860352
2342,49289,33,148,1310,0,-0.0006043538451194763,0.009068846702575684,0.0009858980774879456,0.0004380941390991211,0.0004101172089576721,-0.001183152198791504
2342,49290,33,149,1310,0,0.00023011118173599243,-0.007215142250061035,-0.0006872043013572693,0.0006288290023803711,0.0002956762909889221,-0.0008970499038696289
2342,49291,33,150,1310,0,-0.0004899129271507263,0.007686018943786621,0.0008249655365943909,0.0003427267074584961,0.0003326311707496643,-0.0008732080459594727
2342,49292,33,151,1310,0,0.0002730265259742737,-0.00845491886138916,-0.0008189305663108826,0.001296401023864746,0.0005841627717018127,-0.0009447336196899414
2342,49293,33,152,1310,0,-0.0006371363997459412,0.007638335227966309,0.0008356943726539612,-0.002327561378479004,-0.0009101256728172302,-0.0008493661880493164
2342,49294,33,153,1310,0,0.00019315630197525024,-0.008907914161682129,-0.0008552893996238708,-0.00039637088775634766,-0.0001650676131248474,-0.0008970499038696289
2342,49295,33,154,1310,0,-0.0004940852522850037,0.007542967796325684,0.0008106604218482971,8.940696716308594e-06,0.00017646700143814087,-0.0008493661880493164
2342,49296,33,155,1310,0,0.00022891908884048462,-0.008812546730041504,-0.0008469447493553162,0.0002950429916381836,0.00013951212167739868,-0.0008970499038696289
2342,49297,33,156,1310,0,-0.000504814088344574,0.007686018943786621,0.0008261576294898987,5.6624412536621094e-05,0.00018361955881118774,-0.0008732080459594727
2342,49298,33,157,1310,0,0.00024322420358657837,-0.008621811866760254,-0.000829063355922699,0.0006288290023803711,0.0002921000123023987,-0.0009208917617797852
2342,49299,33,158,1310,0,-0.0005101785063743591,0.007972121238708496,0.0008523836731910706,0.0003427267074584961,0.0003397837281227112,-0.0008970499038696289
2342,49300,33,159,1310,0,0.00027064234018325806,-0.008216500282287598,-0.0007938966155052185,0.001296401023864746,0.0005865469574928284,-0.0009685754776000977
2342,49301,33,160,1310,0,-0.0006585940718650818,0.007876753807067871,0.0008619204163551331,-0.002327561378479004,-0.0009142979979515076,-0.0008732080459594727
2342,49302,33,161,1310,0,0.00019077211618423462,-0.008693337440490723,-0.0008308514952659607,-0.0004202127456665039,-0.0001746043562889099,-0.0009208917617797852
2342,49303,33,162,1310,0,-0.0005030259490013123,0.007829070091247559,0.0008404627442359924,0.0003427267074584961,0.00031951814889907837,-0.0008732080459594727
2342,49304,33,163,1310,0,0.00027064234018325806,-0.008335709571838379,-0.0008052214980125427,0.0012487173080444336,0.0005674734711647034,-0.0009447336196899414
2342,49305,33,164,1310,0,-0.0006502494215965271,0.007733702659606934,0.0008488073945045471,-0.00235140323638916,-0.0009291991591453552,-0.0008732080459594727
2342,49306,33,165,1310,0,0.00019077211618423462,-0.008812546730041504,-0.0008439645171165466,-0.00044405460357666016,-0.00018712133169174194,-0.0008970499038696289
2342,49307,33,166,1310,0,-0.0004928931593894958,0.007733702659606934,0.0008249655365943909,0.0002950429916381836,0.00030878931283950806,-0.0008493661880493164
2342,49308,33,167,1310,0,0.00027183443307876587,-0.008478760719299316,-0.0008189305663108826,0.0012487173080444336,0.0005603209137916565,-0.0009447336196899414
2342,49309,33,168,1310,0,-0.0006389245390892029,0.007590651512145996,0.0008333101868629456,-0.0023752450942993164,-0.0009339675307273865,-0.0008493661880493164
2342,49310,33,169,1310,0,0.00019077211618423462,-0.008955597877502441,-0.0008582696318626404,-0.00044405460357666016,-0.00018831342458724976,-0.0008732080459594727
2342,49311,33,170,1310,0,-0.0004809722304344177,0.007590651512145996,0.0008106604218482971,0.0002950429916381836,0.00030878931283950806,-0.0008493661880493164
2342,49312,33,171,1310,0,0.0002730265259742737,-0.008597970008850098,-0.0008332356810569763,0.0012487173080444336,0.0005638971924781799,-0.0009208917617797852
2342,49313,33,172,1310,0,-0.0006264075636863708,0.007495284080505371,0.0008190050721168518,-0.00235140323638916,-0.0009268149733543396,-0.0008255243301391602
2342,49314,33,173,1310,0,0.0001788511872291565,-0.007596611976623535,-0.0007217749953269958,-0.0004678964614868164,-0.00019606202840805054,-0.0008493661880493164
2342,49120,44684,1071209221,20161,12561451,0.0,0.0,0.0,0.0,0.0,0.0
2342,49315,33,174,1310,0,-0.0005966052412986755,0.008925795555114746,0.0009429827332496643,0.0002473592758178711,0.00028733164072036743,-0.0008016824722290039
2342,49120,44684,1071209221,20161,12561451,0.0,0.0,0.0,0.0,0.0,0.0
2342,49316,33,175,1310,0,0.0002551451325416565,-0.00731050968170166,-0.0007009133696556091,0.001105666160583496,0.0005066767334938049,-0.0008732080459594727
2342,49317,33,176,1310,0,-0.0005888566374778748,0.007161498069763184,0.0007832422852516174,-0.00216066837310791,-0.0008386000990867615,-0.0008016824722290039
2342,49318,33,177,1310,0,0.00020507723093032837,-0.009170174598693848,-0.0008827075362205505,-0.00020563602447509766,-9.056180715560913e-05,-0.0008255243301391602
2342,49319,33,178,1310,0,-0.00045355409383773804,0.007399916648864746,0.0007868185639381409,0.0005811452865600586,0.00041488558053970337,-0.0008016824722290039
2342,49320,33,179,1310,0,0.00025991350412368774,-0.007644295692443848,-0.0007366761565208435,0.001105666160583496,0.0005102530121803284,-0.0008732080459594727
2342,49321,33,180,1310,0,-0.0007128342986106873,0.008401274681091309,0.0009084120392799377,-0.002518296241760254,-0.0009929761290550232,-0.0007778406143188477
2342,49322,33,181,1310,0,0.00019554048776626587,-0.008121132850646973,-0.0007772073149681091,-0.0002771615982055664,-0.00012036412954330444,-0.0008016824722290039
2342,49323,33,182,1310,0,-0.000542961061000824,0.008401274681091309,0.0008881464600563049,0.0004380941390991211,0.00037435442209243774,-0.0007778406143188477
2342,49324,33,183,1310,0,0.00027183443307876587,-0.007739663124084473,-0.0007485970854759216,0.0013440847396850586,0.0006020441651344299,-0.0008493661880493164
2342,49325,33,184,1310,0,-0.0006866082549095154,0.008353590965270996,0.0008488073945045471,-0.0022798776626586914,-0.000943504273891449,-8.64267349243164e-05
2342,49326,33,185,1310,0,0.00016335397958755493,-0.008192658424377441,-0.0007491931319236755,-0.00039637088775634766,-8.519738912582397e-05,-0.0017791986465454102
2342,49327,33,186,1310,0,-0.0005423650145530701,0.008353590965270996,0.0008798018097877502,0.0003427267074584961,0.00031832605600357056,-0.0007301568984985352
2342,49328,33,187,1310,0,0.0002861395478248596,-0.007858872413635254,-0.000784359872341156,0.0012487173080444336,0.0004911795258522034,-0.0001341104507446289
2342,49329,33,188,1310,0,-0.0005310401320457458,0.008830428123474121,0.0008488073945045471,0.001296401023864746,0.000684298574924469,0.0001996755599975586
2342,49330,33,189,1310,0,4.295259714126587e-05,-0.007787346839904785,-0.0006621703505516052,-0.0018745660781860352,-0.0006228312849998474,-0.0031381845474243164
2342,49331,33,190,1310,0,-0.0006115064024925232,0.008592009544372559,0.0009584799408912659,-0.0005155801773071289,-2.346932888031006e-06,-0.0013977289199829102
2342,49332,33,191,1310,0,0.00025156885385513306,-0.007739663124084473,-0.0007557496428489685,0.0007241964340209961,0.00028733164072036743,-0.0004678964614868164
2342,49333,33,192,1310,0,-0.0005614385008811951,0.008878111839294434,0.0008798018097877502,0.0007718801498413086,0.0004673376679420471,-8.64267349243164e-05
2342,49334,33,193,1310,0,0.00026825815439224243,-0.007358193397521973,-0.0007330998778343201,0.0009626150131225586,0.0003815069794654846,-0.00015795230865478516
2342,49335,33,194,1310,0,-0.00045474618673324585,0.007590651512145996,0.0007570162415504456,0.0007241964340209961,0.0004446879029273987,-0.0001341104507446289
2342,49336,33,195,1310,0,0.00028137117624282837,-0.00864565372467041,-0.0008594617247581482,0.001010298728942871,0.00039342790842056274,-0.00020563602447509766
2342,49337,33,196,1310,0,-0.000485740602016449,0.007972121238708496,0.000798739492893219,0.0007718801498413086,0.0004673376679420471,-0.0001817941665649414
2342,49338,33,197,1310,0,0.00027898699045181274,-0.00826418399810791,-0.0008201226592063904,0.001010298728942871,0.0004065409302711487,-0.00025331974029541016
2342,49339,33,198,1310,0,-0.0005197152495384216,0.008353590965270996,0.0008416548371315002,0.0007718801498413086,0.0004756823182106018,-0.0002294778823852539
2342,49340,33,199,1310,0,0.0002730265259742737,-0.007858872413635254,-0.0007807835936546326,0.001010298728942871,0.00040296465158462524,-0.0002771615982055664
2342,49341,33,200,1310,0,-0.0005548819899559021,0.008735060691833496,0.0008833780884742737,0.0007241964340209961,0.0004661455750465393,-0.00025331974029541016
2342,49342,33,201,1310,0,0.0002658739686012268,-0.00750124454498291,-0.0007426366209983826,0.0009626150131225586,0.00038269907236099243,-0.0003248453140258789
2342,49343,33,202,1310,0,-0.000441037118434906,0.007447600364685059,0.0007093325257301331,0.0007241964340209961,0.00038508325815200806,0.0003904104232788086
2342,49344,33,203,1310,0,0.00029090791940689087,-0.00750124454498291,-0.0007813796401023865,0.0009626150131225586,0.0003040209412574768,0.0006288290023803711
2342,49345,33,204,1310,0,-0.0005942210555076599,0.006970763206481934,0.0008654966950416565,-0.0023037195205688477,-0.0007700547575950623,-0.0022798776626586914
2342,49346,33,205,1310,0,0.00019673258066177368,-0.009384751319885254,-0.0009041652083396912,-0.00034868717193603516,-0.0001436099410057068,-0.000992417335510254
2342,49347,33,206,1310,0,-0.000447593629360199,0.007066130638122559,0.0007248297333717346,0.0001043081283569336,0.00015620142221450806,-0.0002771615982055664
2342,49348,33,207,1310,0,0.00024084001779556274,-0.007978081703186035,-0.0007867440581321716,0.0003427267074584961,0.00011567026376724243,-0.0003248453140258789
2342,49349,33,208,1310,0,-0.0005673989653587341,0.008496642112731934,0.0008690729737281799,5.6624412536621094e-05,0.00016573816537857056,-0.0002771615982055664
2342,49350,33,209,1310,0,0.00023845583200454712,-0.00788271427154541,-0.0007760152220726013,0.0002950429916381836,9.898096323013306e-05,-0.00034868717193603516
2342,49351,33,210,1310,0,-0.0005781278014183044,0.008592009544372559,0.0008798018097877502,8.940696716308594e-06,0.00014785677194595337,-0.00030100345611572266
2342,49352,33,211,1310,0,0.00023487955331802368,-0.007787346839904785,-0.0007670745253562927,0.0002473592758178711,7.871538400650024e-05,-0.00034868717193603516
2342,49353,33,212,1310,0,-0.0005876645445823669,0.008687376976013184,0.0008881464600563049,-1.4901161193847656e-05,0.00012639909982681274,-0.0002771615982055664
2342,49354,33,213,1310,0,0.00023130327463150024,-0.007715821266174316,-0.0007599219679832458,0.0001996755599975586,5.368143320083618e-05,-0.00034868717193603516
2342,49355,33,214,1310,0,-0.0005954131484031677,0.008735060691833496,0.0008929148316383362,-8.64267349243164e-05,0.00010136514902114868,-0.0002771615982055664
2342,49356,33,215,1310,0,0.0002277269959449768,-0.007668137550354004,-0.0007557496428489685,0.0001519918441772461,2.7455389499664307e-05,-0.0003248453140258789
2342,49357,33,216,1310,0,-0.0005888566374778748,0.008830428123474121,0.0009000673890113831,0.0001996755599975586,0.00022891908884048462,-0.0002771615982055664
2342,49358,33,217,1310,0,0.00027064234018325806,-0.007405877113342285,-0.0007348880171775818,0.0010579824447631836,0.0004470720887184143,-0.00034868717193603516
2342,49359,33,218,1310,0,-0.0005751475691795349,0.007066130638122559,0.0007355585694313049,-0.00216066837310791,-0.0008838996291160583,-0.00025331974029541016
2342,49360,33,219,1310,0,0.00022295862436294556,-0.009313225746154785,-0.0009196624159812927,-0.0001817941665649414,-0.0001352652907371521,-0.00030100345611572266
2342,49361,33,220,1310,0,-0.00044699758291244507,0.007161498069763184,0.0007331743836402893,0.0002473592758178711,0.00023368746042251587,-0.0002771615982055664
2342,49362,33,221,1310,0,0.0002479925751686096,-0.007858872413635254,-0.0007748231291770935,0.0004857778549194336,0.00018600374460220337,-0.0003248453140258789
2342,49363,33,222,1310,0,-0.0005614385008811951,0.008735060691833496,0.0008869543671607971,0.0005334615707397461,0.0003970041871070862,-0.00030100345611572266
2342,49364,33,223,1310,0,0.0002575293183326721,-0.007548928260803223,-0.0007468089461326599,0.0007718801498413086,0.0003123655915260315,-0.00034868717193603516
2342,49365,33,224,1310,0,-0.0005918368697166443,0.009021162986755371,0.0009191408753395081,0.0004857778549194336,0.0003707781434059143,-0.00030100345611572266
2342,49366,33,225,1310,0,0.00025037676095962524,-0.007262825965881348,-0.0007176026701927185,0.0006765127182006836,0.00027898699045181274,-0.0003725290298461914
2342,49367,33,226,1310,0,-0.0004762038588523865,0.007638335227966309,0.0007844343781471252,0.0004380941390991211,0.00033620744943618774,-0.0003248453140258789
2342,49368,33,227,1310,0,0.000264681875705719,-0.00864565372467041,-0.0008558854460716248,0.0007241964340209961,0.00028137117624282837,-0.00039637088775634766
2342,49369,33,228,1310,0,-0.0004988536238670349,0.007924437522888184,0.0008142367005348206,0.0004857778549194336,0.0003517046570777893,-0.0003725290298461914
2342,49370,33,229,1310,0,0.00026229768991470337,-0.008359551429748535,-0.0008272752165794373,0.0007241964340209961,0.00029090791940689087,-0.00044405460357666016
2342,49371,33,230,1310,0,-0.0005232915282249451,0.008210539817810059,0.0008452311158180237,0.0004380941390991211,0.00035647302865982056,-0.00039637088775634766
2342,49372,33,231,1310,0,0.00025872141122817993,-0.00807344913482666,-0.0007986649870872498,0.0007241964340209961,0.00028733164072036743,-0.0004678964614868164
2342,49373,33,232,1310,0,-0.0005483254790306091,0.008496642112731934,0.0008762255311012268,0.0004380941390991211,0.0003493204712867737,-0.0004202127456665039
2342,49374,33,233,1310,0,0.00025276094675064087,-0.007811188697814941,-0.0007712468504905701,0.0006765127182006836,0.00027183443307876587,-0.0004917383193969727
2342,49375,33,234,1310,0,-0.0005739554762840271,0.008735060691833496,0.0009036436676979065,0.0003904104232788086,0.0003302469849586487,-0.00044405460357666016
2342,49376,33,235,1310,0,0.0002468004822731018,-0.007572770118713379,-0.0007456168532371521,0.0005811452865600586,0.000245608389377594,-0.0004917383193969727
2342,49377,33,236,1310,0,-0.0005983933806419373,0.008973479270935059,0.0009298697113990784,0.0002950429916381836,0.00030044466257095337,-0.00044405460357666016
2342,49378,33,237,1310,0,0.00023964792490005493,-0.007358193397521973,-0.0007229670882225037,0.0004857778549194336,0.0002086535096168518,-0.0005155801773071289
2342,49379,33,238,1310,0,-0.0004779919981956482,0.007542967796325684,0.0007856264710426331,0.0002473592758178711,0.000264681875705719,-0.0004678964614868164
2342,49380,33,239,1310,0,0.0002551451325416565,-0.008788704872131348,-0.0008689984679222107,0.0005334615707397461,0.00021222978830337524,-0.0005394220352172852
2342,49381,33,240,1310,0,-0.0004946812987327576,0.007733702659606934,0.0008094683289527893,0.0002950429916381836,0.0002825632691383362,-0.0004917383193969727
2342,49382,33,241,1310,0,0.0002539530396461487,-0.008574128150939941,-0.0008463487029075623,0.0005334615707397461,0.00022415071725845337,-0.0005632638931274414
2342,49383,33,242,1310,0,-0.0006603822112083435,0.007352232933044434,0.0007868185639381409,-0.003018975257873535,-0.0012725219130516052,-0.0004678964614868164
2342,49384,33,243,1310,0,0.00017646700143814087,-0.007835030555725098,-0.0007646903395652771,-0.0008016824722290039,-0.0003820285201072693,-0.0004917383193969727
2342,49385,33,244,1310,0,-0.0005763396620750427,0.008592009544372559,0.0008166208863258362,-6.258487701416016e-05,2.6263296604156494e-05,0.0005811452865600586
2342,49386,33,245,1310,0,0.0002956762909889221,-0.007763504981994629,-0.0008141621947288513,0.0008672475814819336,0.00023249536752700806,0.0008672475814819336
2342,49387,33,246,1310,0,-0.0007307156920433044,0.008305907249450684,0.001014508306980133,-0.0027805566787719727,-0.0009578093886375427,-0.0023752450942993164
2342,49388,33,247,1310,0,0.0001705065369606018,-0.008335709571838379,-0.0008076056838035583,-0.0008732080459594727,-0.00039692968130111694,-0.0007301568984985352
2342,49389,33,248,1310,0,-0.0005358085036277771,0.008067488670349121,0.0007832422852516174,-0.00011026859283447266,1.4342367649078369e-05,0.0002950429916381836
2342,49390,33,249,1310,0,0.0002921000123023987,-0.008288025856018066,-0.0008552893996238708,0.0008195638656616211,0.00023130327463150024,0.0005811452865600586
2342,49391,33,250,1310,0,-0.0006579980254173279,0.007638335227966309,0.0007331743836402893,-0.00273287296295166,-0.0012391433119773865,0.0006765127182006836
2342,49392,33,251,1310,0,0.00021580606698989868,-0.009050965309143066,-0.0009232386946678162,-0.0007778406143188477,-0.0004881247878074646,0.0006288290023803711
2342,49393,33,252,1310,0,-0.0004672631621360779,0.007352232933044434,0.000684298574924469,8.940696716308594e-06,3.222376108169556e-05,0.0006765127182006836
2342,49394,33,253,1310,0,0.0002932921051979065,-0.007811188697814941,-0.0008093938231468201,0.0009626150131225586,0.00029090791940689087,0.0006288290023803711
2342,49395,33,254,1310,0,-0.0006925687193870544,0.008162856101989746,0.0007784739136695862,-0.002637505531311035,-0.0011837109923362732,0.0007241964340209961
2342,49396,33,255,1310,0,0.0002169981598854065,-0.008502602577209473,-0.0008719787001609802,-0.0006824731826782227,-0.00044699758291244507,0.0007241964340209961
2342,49397,33,256,1310,0,-0.0005071982741355896,0.007876753807067871,0.0007319822907447815,0.0001043081283569336,6.798654794692993e-05,0.0007718801498413086
2342,49398,33,257,1310,0,0.0003052130341529846,-0.008383393287658691,-0.0008689984679222107,0.0010579824447631836,0.000321902334690094,0.0006765127182006836
2342,49399,33,258,1310,0,-0.0006353482604026794,0.007590651512145996,0.0007176771759986877,-0.002518296241760254,-0.0011390075087547302,0.0007718801498413086
2342,49400,33,259,1310,0,0.00023011118173599243,-0.009050965309143066,-0.0009268149733543396,-0.0005394220352172852,-0.00038798898458480835,0.0007241964340209961
2342,49401,33,260,1310,0,-0.00045534223318099976,0.007399916648864746,0.0006771460175514221,0.0002473592758178711,0.00013355165719985962,0.0007718801498413086
2342,49402,33,261,1310,0,0.0003052130341529846,-0.007715821266174316,-0.0008052214980125427,0.001201033592224121,0.0003910437226295471,0.0007241964340209961
2342,49403,33,262,1310,0,-0.0006860122084617615,0.008305907249450684,0.0007820501923561096,-0.0023990869522094727,-0.0010782107710838318,0.0008195638656616211
2342,49404,33,263,1310,0,0.00018481165170669556,-0.008288025856018066,-0.0007927045226097107,-0.0004917383193969727,-0.00020619481801986694,-0.0008970499038696289
2342,49405,33,264,1310,0,-0.0005268678069114685,0.008210539817810059,0.0008023157715797424,0.0002473592758178711,0.00020626932382583618,0.0001519918441772461
2342,49406,33,265,1310,0,0.0003016367554664612,-0.008049607276916504,-0.0008254870772361755,0.001201033592224121,0.0004160776734352112,0.0003904104232788086
2342,49407,33,266,1310,0,-0.0006603822112083435,0.007972121238708496,0.0007725134491920471,-0.0023990869522094727,-0.001051388680934906,0.0004857778549194336
2342,49408,33,267,1310,0,0.00022534281015396118,-0.00864565372467041,-0.0008749589323997498,-0.00044405460357666016,-0.0003146752715110779,0.0004857778549194336
2342,49409,33,268,1310,0,-0.0005006417632102966,0.007876753807067871,0.0008142367005348206,0.0002950429916381836,0.00028733164072036743,-0.0004917383193969727
2342,49410,33,269,1310,0,0.00029925256967544556,-0.008359551429748535,-0.0008445605635643005,0.0012487173080444336,0.00046972185373306274,0.0001043081283569336
2342,49411,33,270,1310,0,-0.0006311759352684021,0.007686018943786621,0.000741519033908844,-0.002327561378479004,-0.0010233744978904724,0.0005334615707397461
2342,49412,33,271,1310,0,0.00023249536752700806,-0.008907914161682129,-0.0009029731154441833,-0.00034868717193603516,-0.0002801045775413513,0.0004857778549194336
2342,49413,33,272,1310,0,-0.00047560781240463257,0.007495284080505371,0.0007081404328346252,0.0001043081283569336,8.34837555885315e-05,0.0005334615707397461
2342,49414,33,273,1310,0,0.00017408281564712524,-0.007477402687072754,-0.0006556138396263123,0.0002950429916381836,0.0003016367554664612,-0.0025898218154907227
2342,49415,33,274,1310,0,-0.0004803761839866638,0.007399916648864746,0.0007963553071022034,8.940696716308594e-06,0.00018481165170669556,-0.0008732080459594727
2342,49416,33,275,1310,0,0.00024918466806411743,-0.008192658424377441,-0.0008195266127586365,0.0002950429916381836,4.652887582778931e-05,5.6624412536621094e-05
2342,49417,33,276,1310,0,-0.0005417689681053162,0.008258223533630371,0.0007880106568336487,5.6624412536621094e-05,7.51391053199768e-05,0.0004380941390991211
2342,49418,33,277,1310,0,0.0002575293183326721,-0.008168816566467285,-0.0008284673094749451,0.0002950429916381836,2.387911081314087e-05,0.0003904104232788086
2342,49419,33,278,1310,0,-0.0005441531538963318,0.008305907249450684,0.0007915869355201721,5.6624412536621094e-05,8.229166269302368e-05,0.0004380941390991211
2342,49420,33,279,1310,0,0.00025872141122817993,-0.008121132850646973,-0.0008248910307884216,0.0002950429916381836,3.1031668186187744e-05,0.0003904104232788086
2342,49421,33,280,1310,0,-0.0005471333861351013,0.008305907249450684,0.0007963553071022034,5.6624412536621094e-05,8.944422006607056e-05,0.0004380941390991211
2342,49422,33,281,1310,0,0.00025872141122817993,-0.00807344913482666,-0.0008201226592063904,0.0003427267074584961,3.699213266372681e-05,0.0003904104232788086
2342,49423,33,282,1310,0,-0.0005501136183738708,0.008353590965270996,0.0008011236786842346,5.6624412536621094e-05,9.42125916481018e-05,0.0004380941390991211
2342,49424,33,283,1310,0,0.0002575293183326721,-0.008025765419006348,-0.0008153542876243591,0.0003427267074584961,4.0568411350250244e-05,0.0003904104232788086
2342,49425,33,284,1310,0,-0.0005542859435081482,0.008401274681091309,0.0008058920502662659,5.6624412536621094e-05,9.778887033462524e-05,0.0004380941390991211
2342,49426,33,285,1310,0,0.0002575293183326721,-0.007978081703186035,-0.0008105859160423279,0.0003427267074584961,4.176050424575806e-05,0.0003427267074584961
2342,49427,33,286,1310,0,-0.0005590543150901794,0.008448958396911621,0.0008118525147438049,5.6624412536621094e-05,9.898096323013306e-05,0.0003904104232788086
2342,49428,33,287,1310,0,0.0002563372254371643,-0.007930397987365723,-0.0008058175444602966,0.0003427267074584961,4.176050424575806e-05,0.0003427267074584961
2342,49429,33,288,1310,0,-0.0005632266402244568,0.008496642112731934,0.0008166208863258362,5.6624412536621094e-05,9.778887033462524e-05,0.0003904104232788086
2342,49430,33,289,1310,0,0.0002551451325416565,-0.00788271427154541,-0.0008010491728782654,0.0002950429916381836,3.937631845474243e-05,0.0003427267074584961
2342,49431,33,290,1310,0,-0.000567995011806488,0.008544325828552246,0.0008213892579078674,5.6624412536621094e-05,9.42125916481018e-05,0.0003904104232788086
2342,49432,33,291,1310,0,0.0002539530396461487,-0.007835030555725098,-0.000796876847743988,0.0002950429916381836,3.460794687271118e-05,0.0003427267074584961
2342,49433,33,292,1310,0,-0.0005721673369407654,0.008592009544372559,0.0008261576294898987,5.6624412536621094e-05,8.944422006607056e-05,0.0003904104232788086
2342,49434,33,293,1310,0,0.00025276094675064087,-0.007811188697814941,-0.0007927045226097107,0.0002950429916381836,2.7455389499664307e-05,0.0003427267074584961
2342,49435,33,294,1310,0,-0.0005763396620750427,0.008639693260192871,0.0008297339081764221,8.940696716308594e-06,8.229166269302368e-05,0.0003904104232788086
2342,49436,33,295,1310,0,0.00025156885385513306,-0.007763504981994629,-0.0007897242903709412,0.0002950429916381836,2.030283212661743e-05,0.0003427267074584961
2342,49437,33,296,1310,0,-0.0005793198943138123,0.008687376976013184,0.0008333101868629456,8.940696716308594e-06,7.3947012424469e-05,0.0003904104232788086
2342,49438,33,297,1310,0,0.00025037676095962524,-0.007739663124084473,-0.0007873401045799255,0.0002473592758178711,1.0766088962554932e-05,0.0003427267074584961
2342,49439,33,298,1310,0,-0.0006162747740745544,0.008782744407653809,0.0010860338807106018,-8.64267349243164e-05,0.000360049307346344,-0.00292360782623291
2342,49440,33,299,1310,0,0.0001991167664527893,-0.007572770118713379,-0.0007086619734764099,0.0001043081283569336,0.00010613352060317993,-0.0013023614883422852
2342,49441,33,300,1310,0,-0.0006115064024925232,0.008878111839294434,0.0009036436676979065,-0.0001817941665649414,5.368143320083618e-05,-0.00025331974029541016
2342,49442,33,301,1310,0,0.00023011118173599243,-0.007572770118713379,-0.0007569417357444763,5.6624412536621094e-05,-5.301088094711304e-05,5.6624412536621094e-05
2342,49443,33,302,1310,0,-0.0006085261702537537,0.008830428123474121,0.0008738413453102112,-0.0002294778823852539,-4.731118679046631e-06,0.0001043081283569336
2342,49444,33,303,1310,0,0.0002277269959449768,-0.007620453834533691,-0.0007623061537742615,8.940696716308594e-06,-7.625669240951538e-05,5.6624412536621094e-05
2342,49445,33,304,1310,0,-0.0006049498915672302,0.008782744407653809,0.0008666887879371643,-0.0002771615982055664,-2.7976930141448975e-05,0.0001043081283569336
2342,49446,33,305,1310,0,0.000226534903049469,-0.00769197940826416,-0.0007700547575950623,-3.8743019104003906e-05,-9.7714364528656e-05,5.6624412536621094e-05
2342,49447,33,306,1310,0,-0.0005995854735374451,0.008687376976013184,0.0008571520447731018,-0.0003248453140258789,-4.824250936508179e-05,0.0001519918441772461
2342,49448,33,307,1310,0,0.000226534903049469,-0.007787346839904785,-0.0007789954543113708,-8.64267349243164e-05,-0.0001155957579612732,0.0001043081283569336
2342,49449,33,308,1310,0,-0.0005924329161643982,0.008592009544372559,0.0008464232087135315,-0.00034868717193603516,-6.493180990219116e-05,0.0001519918441772461
2342,49450,33,309,1310,0,0.000226534903049469,-0.007906556129455566,-0.0007897242903709412,-0.00011026859283447266,-0.00012930482625961304,0.0001043081283569336
2342,49451,33,310,1310,0,-0.0005840882658958435,0.008496642112731934,0.0008333101868629456,-0.0003725290298461914,-7.685273885726929e-05,0.0001519918441772461
2342,49452,33,311,1310,0,0.0002277269959449768,-0.008001923561096191,-0.0008016452193260193,-0.00011026859283447266,-0.00013884156942367554,0.0001043081283569336
2342,49453,33,312,1310,0,-0.0005739554762840271,0.008353590965270996,0.0008201971650123596,-0.0003725290298461914,-8.460134267807007e-05,0.0001996755599975586
2342,49454,33,313,1310,0,0.00022891908884048462,-0.008121132850646973,-0.0008135661482810974,-0.0001341104507446289,-0.00014241784811019897,0.0001519918441772461
2342,49455,33,314,1310,0,-0.0005632266402244568,0.008210539817810059,0.0008070841431617737,-0.0003725290298461914,-8.69855284690857e-05,0.0001996755599975586
2342,49456,33,315,1310,0,0.00023011118173599243,-0.00826418399810791,-0.0008254870772361755,-0.00011026859283447266,-0.00014182180166244507,0.0001519918441772461
2342,49457,33,316,1310,0,-0.0005524978041648865,0.008115172386169434,0.0007939711213111877,-0.0003725290298461914,-8.460134267807007e-05,0.0001996755599975586
2342,49458,33,317,1310,0,0.00023249536752700806,-0.008359551429748535,-0.0008374080061912537,-0.00011026859283447266,-0.000135861337184906,0.0001519918441772461
2342,49459,33,318,1310,0,-0.000504814088344574,0.008162856101989746,0.0007927790284156799,0.0006765127182006836,0.00038627535104751587,0.0001996755599975586
2342,49460,33,319,1310,0,0.0002956762909889221,-0.008025765419006348,-0.0008117780089378357,0.0012487173080444336,0.0004661455750465393,0.0001043081283569336
2342,49461,33,320,1310,0,-0.0006615743041038513,0.008019804954528809,0.0007975473999977112,-0.00235140323638916,-0.0009959563612937927,0.0001996755599975586
2342,49462,33,321,1310,0,0.0002181902527809143,-0.008574128150939941,-0.0008564814925193787,-0.00039637088775634766,-0.00027235597372055054,0.0001996755599975586
2342,49463,33,322,1310,0,-0.0004964694380760193,0.007924437522888184,0.0007665529847145081,0.0003427267074584961,0.0002444162964820862,0.0001996755599975586
2342,49464,33,323,1310,0,0.00030044466257095337,-0.008288025856018066,-0.0008391961455345154,0.001296401023864746,0.0004852190613746643,0.0001519918441772461
2342,49465,33,324,1310,0,-0.0004911050200462341,0.008401274681091309,0.0008106604218482971,0.001391768455505371,0.0007260218262672424,0.0001519918441772461
2342,49466,33,325,1310,0,0.0001407042145729065,-0.008288025856018066,-0.0008248910307884216,-0.0017076730728149414,-0.0008427724242210388,0.0001519918441772461
2342,49467,33,326,1310,0,-0.0005417689681053162,0.008019804954528809,0.0007868185639381409,-0.0002771615982055664,-4.764646291732788e-05,0.0001996755599975586
2342,49468,33,327,1310,0,0.0002849474549293518,-0.008240342140197754,-0.0008314475417137146,0.0009626150131225586,0.00034812837839126587,0.0001043081283569336
2342,49469,33,328,1310,0,-0.000504814088344574,0.008401274681091309,0.0008142367005348206,0.0010579824447631836,0.0005817785859107971,0.0001519918441772461
2342,49470,33,329,1310,0,0.0002944841980934143,-0.007763504981994629,-0.0007861480116844177,0.001296401023864746,0.0005007162690162659,5.6624412536621094e-05
2342,49471,33,330,1310,0,-0.0006818398833274841,0.008305907249450684,0.0008273497223854065,-0.0022798776626586914,-0.0009679421782493591,0.0001519918441772461
2342,49472,33,331,1310,0,0.0002169981598854065,-0.008288025856018066,-0.0008284673094749451,-0.0003725290298461914,-0.000250302255153656,0.0001519918441772461
2342,49473,33,332,1310,0,-0.0005322322249412537,0.008162856101989746,0.0007951632142066956,5.6624412536621094e-05,0.00010970979928970337,0.0001996755599975586
2342,49474,33,333,1310,0,0.00025276094675064087,-0.00826418399810791,-0.0008278712630271912,0.0002950429916381836,5.248934030532837e-05,0.0001519918441772461
2342,49475,33,334,1310,0,-0.0005370005965232849,0.008210539817810059,0.0008023157715797424,5.6624412536621094e-05,0.00011686235666275024,0.0001996755599975586
2342,49476,33,335,1310,0,0.00025156885385513306,-0.008192658424377441,-0.0008213147521018982,0.0003427267074584961,5.725771188735962e-05,0.0001043081283569336
2342,49477,33,336,1310,0,-0.0005423650145530701,0.008258223533630371,0.0008094683289527893,5.6624412536621094e-05,0.00012043863534927368,0.0001519918441772461
2342,49478,33,337,1310,0,0.00025156885385513306,-0.008121132850646973,-0.0008147582411766052,0.0003427267074584961,5.9641897678375244e-05,0.0001043081283569336
2342,49479,33,338,1310,0,-0.0005483254790306091,0.008353590965270996,0.0008166208863258362,5.6624412536621094e-05,0.0001216307282447815,0.0001519918441772461
2342,49480,33,339,1310,0,0.00025037676095962524,-0.008049607276916504,-0.0008076056838035583,0.0003427267074584961,5.9641897678375244e-05,0.0001043081283569336
2342,49481,33,340,1310,0,-0.0005548819899559021,0.008401274681091309,0.0008237734436988831,5.6624412536621094e-05,0.00012043863534927368,0.0001519918441772461
2342,49482,33,341,1310,0,0.00024918466806411743,-0.008001923561096191,-0.0008010491728782654,0.0002950429916381836,5.606561899185181e-05,0.0001043081283569336
2342,49483,33,342,1310,0,-0.0005608424544334412,0.008448958396911621,0.0008309260010719299,5.6624412536621094e-05,0.00011686235666275024,0.0001519918441772461
2342,49484,33,343,1310,0,0.0002479925751686096,-0.007930397987365723,-0.0007950887084007263,0.0002950429916381836,5.0105154514312744e-05,0.0001043081283569336
2342,49485,33,344,1310,0,-0.0005668029189109802,0.008544325828552246,0.000836886465549469,5.6624412536621094e-05,0.00010970979928970337,0.0001519918441772461
2342,49486,33,345,1310,0,0.000245608389377594,-0.00788271427154541,-0.0007897242903709412,0.0002950429916381836,4.0568411350250244e-05,0.0001043081283569336
2342,49488,33,347,1310,0,0.0002444162964820862,-0.007835030555725098,-0.0007849559187889099,0.0002473592758178711,2.983957529067993e-05,0.0001043081283569336
2342,49489,33,348,1310,0,-0.0005650147795677185,0.008687376976013184,0.0008499994874000549,0.0002950429916381836,0.00024322420358657837,0.0001519918441772461
2342,49490,33,349,1310,0,0.00028733164072036743,-0.007548928260803223,-0.0007629022002220154,0.001201033592224121,0.0004637613892555237,5.6624412536621094e-05
2342,49491,33,350,1310,0,-0.0007056817412376404,0.008496642112731934,0.0008488073945045471,-0.0023990869522094727,-0.0010096654295921326,0.0001519918441772461
2342,49492,33,351,1310,0,0.000226534903049469,-0.008049607276916504,-0.0008052214980125427,-0.0001341104507446289,-0.00014957040548324585,0.0001519918441772461
2342,49493,33,352,1310,0,-0.0005459412932395935,0.008448958396911621,0.0008225813508033752,0.0002473592758178711,0.00021461397409439087,0.0001996755599975586
2342,49494,33,353,1310,0,0.00025872141122817993,-0.007930397987365723,-0.0007962808012962341,0.0005334615707397461,0.00014308840036392212,0.0001043081283569336
2342,49495,33,354,1310,0,-0.0005483254790306091,0.008639693260192871,0.0008416548371315002,0.0005811452865600586,0.00036481767892837524,0.0001519918441772461
2342,49496,33,355,1310,0,0.00027064234018325806,-0.007644295692443848,-0.0007706508040428162,0.0008195638656616211,0.0002825632691383362,0.0001043081283569336
2342,49497,33,356,1310,0,-0.000574551522731781,0.008925795555114746,0.0008714571595191956,0.0005334615707397461,0.0003528967499732971,0.0001519918441772461
2342,49498,33,357,1310,0,0.000264681875705719,-0.007382035255432129,-0.0007438287138938904,0.0007718801498413086,0.00026229768991470337,5.6624412536621094e-05
2342,49499,33,358,1310,0,-0.0004577264189720154,0.007542967796325684,0.0007367506623268127,0.0005334615707397461,0.0003314390778541565,0.0001043081283569336
2342,49500,33,359,1310,0,0.00028017908334732056,-0.008764863014221191,-0.000879727303981781,0.0008195638656616211,0.00028017908334732056,8.940696716308594e-06
2342,49501,33,360,1310,0,-0.000479184091091156,0.007829070091247559,0.0007689371705055237,0.0005811452865600586,0.00036362558603286743,5.6624412536621094e-05
2342,49502,33,361,1310,0,0.00027898699045181274,-0.008478760719299316,-0.0008505210280418396,0.0008672475814819336,0.0003040209412574768,-1.4901161193847656e-05
2342,49503,33,362,1310,0,-0.0005036219954490662,0.008115172386169434,0.0008011236786842346,0.0006288290023803711,0.00038269907236099243,8.940696716308594e-06
2342,49504,33,363,1310,0,0.0002766028046607971,-0.008168816566467285,-0.0008195266127586365,0.0008672475814819336,0.0003147497773170471,-3.8743019104003906e-05
2342,49505,33,364,1310,0,-0.0006711110472679138,0.007829070091247559,0.0007915869355201721,-0.00273287296295166,-0.0011628493666648865,5.6624412536621094e-05
2342,49506,33,365,1310,0,0.00021580606698989868,-0.008788704872131348,-0.0008761510252952576,-0.00044405460357666016,-0.0002765282988548279,8.940696716308594e-06
2342,49507,33,366,1310,0,-0.00048216432332992554,0.007686018943786621,0.0007594004273414612,0.0003427267074584961,0.00024322420358657837,5.6624412536621094e-05
2342,49508,33,367,1310,0,0.00029925256967544556,-0.008526444435119629,-0.0008582696318626404,0.0012487173080444336,0.0004899874329566956,-1.4901161193847656e-05
2342,49509,33,368,1310,0,-0.0006216391921043396,0.007542967796325684,0.0007617846131324768,-0.0023037195205688477,-0.0009739026427268982,5.6624412536621094e-05
2342,49510,33,369,1310,0,0.00022176653146743774,-0.00902712345123291,-0.0009005889296531677,-0.00034868717193603516,-0.00023480504751205444,8.940696716308594e-06
2342,49511,33,370,1310,0,-0.0004708394408226013,0.007399916648864746,0.0007331743836402893,0.0001043081283569336,0.0001323595643043518,5.6624412536621094e-05
2342,49512,33,371,1310,0,0.000245608389377594,-0.007644295692443848,-0.0007658824324607849,0.0003427267074584961,8.109956979751587e-05,8.940696716308594e-06
2342,49513,33,372,1310,0,-0.0005793198943138123,0.008878111839294434,0.0008762255311012268,0.0003904104232788086,0.0002921000123023987,5.6624412536621094e-05
2342,49514,33,373,1310,0,0.0002575293183326721,-0.007453560829162598,-0.0007474049925804138,0.0006288290023803711,0.0002086535096168518,8.940696716308594e-06
2342,49515,33,374,1310,0,-0.0004583224654197693,0.007447600364685059,0.0007355585694313049,0.0003904104232788086,0.00027183443307876587,5.6624412536621094e-05
2342,49516,33,375,1310,0,0.00027183443307876587,-0.008717179298400879,-0.000873170793056488,0.0006765127182006836,0.000226534903049469,-3.8743019104003906e-05
2342,49517,33,376,1310,0,-0.0004887208342552185,0.007829070091247559,0.0007760897278785706,0.0004380941390991211,0.00030044466257095337,8.940696716308594e-06
2342,49518,33,377,1310,0,0.00027064234018325806,-0.008478760719299316,-0.0008493289351463318,0.0007241964340209961,0.000245608389377594,-6.258487701416016e-05
2342,49519,33,378,1310,0,-0.0005083903670310974,0.008067488670349121,0.0008035078644752502,0.0004380941390991211,0.00031713396310806274,-3.8743019104003906e-05
2342,49520,33,379,1310,0,0.00026945024728775024,-0.008240342140197754,-0.0008242949843406677,0.0007241964340209961,0.0002551451325416565,-8.64267349243164e-05
2342,49521,33,380,1310,0,-0.0005304440855979919,0.008305907249450684,0.0008309260010719299,0.0004380941390991211,0.0003230944275856018,-6.258487701416016e-05
2342,49522,33,381,1310,0,0.0002658739686012268,-0.007978081703186035,-0.0007986649870872498,0.0007241964340209961,0.0002539530396461487,-0.00011026859283447266
2342,49523,33,382,1310,0,-0.0005530938506126404,0.008544325828552246,0.0008583441376686096,0.0004380941390991211,0.00031951814889907837,-8.64267349243164e-05
2342,49524,33,383,1310,0,0.00026110559701919556,-0.007739663124084473,-0.0007742270827293396,0.0006765127182006836,0.00024203211069107056,-0.0001341104507446289
2342,49525,33,384,1310,0,-0.0005763396620750427,0.008782744407653809,0.0008833780884742737,0.0003904104232788086,0.0003040209412574768,-8.64267349243164e-05
2342,49526,33,385,1310,0,0.0002551451325416565,-0.007525086402893066,-0.0007509812712669373,0.0006288290023803711,0.00022057443857192993,-0.00015795230865478516
2342,49527,33,386,1310,0,-0.0005983933806419373,0.009021162986755371,0.0009060278534889221,0.0003427267074584961,0.00027898699045181274,-0.00011026859283447266
2342,49528,33,387,1310,0,0.00024918466806411743,-0.00731050968170166,-0.0007307156920433044,0.0005334615707397461,0.0001895800232887268,-0.00015795230865478516
2342,49529,33,388,1310,0,-0.00047560781240463257,0.007542967796325684,0.0007629767060279846,0.0002950429916381836,0.0002479925751686096,-0.00011026859283447266
2342,49530,33,389,1310,0,0.000264681875705719,-0.008764863014221191,-0.0008761510252952576,0.0005811452865600586,0.00020030885934829712,-0.0001817941665649414
2342,49531,33,390,1310,0,-0.0004905089735984802,0.007781386375427246,0.0007844343781471252,0.0003427267074584961,0.0002730265259742737,-0.00015795230865478516
2342,49532,33,391,1310,0,0.000264681875705719,-0.008550286293029785,-0.0008546933531761169,0.0006288290023803711,0.0002181902527809143,-0.0002294778823852539
2342,49533,33,392,1310,0,-0.0006538257002830505,0.007352232933044434,0.0007629767060279846,-0.0029474496841430664,-0.0012695416808128357,-0.00011026859283447266
2342,49534,33,393,1310,0,0.0001705065369606018,-0.007858872413635254,-0.0007789954543113708,-0.0010401010513305664,-0.0005286559462547302,-0.0001341104507446289
2342,49535,33,394,1310,0,-0.000587068498134613,0.008496642112731934,0.0008571520447731018,-0.0003248453140258789,-3.2745301723480225e-05,-6.258487701416016e-05
2342,49536,33,395,1310,0,0.0002575293183326721,-0.007858872413635254,-0.000784359872341156,0.0005811452865600586,0.00020269304513931274,-0.0001341104507446289
2342,49537,33,396,1310,0,-0.0005572661757469177,0.008735060691833496,0.0008738413453102112,0.0006288290023803711,0.00042084604501724243,-8.64267349243164e-05
2342,49538,33,397,1310,0,0.00026825815439224243,-0.007525086402893066,-0.0007539615035057068,0.0008672475814819336,0.0003338232636451721,-0.00015795230865478516
2342,49539,33,398,1310,0,-0.0007289275527000427,0.008448958396911621,0.0008654966950416565,-0.00273287296295166,-0.001159869134426117,-3.8743019104003906e-05
2342,49540,33,399,1310,0,0.00018719583749771118,-0.008216500282287598,-0.0008165463805198669,-0.0008255243301391602,-0.00043686479330062866,-6.258487701416016e-05
2342,49541,33,400,1310,0,-0.0005465373396873474,0.008162856101989746,0.0008201971650123596,-8.64267349243164e-05,6.917864084243774e-05,-1.4901161193847656e-05
2342,49542,33,401,1310,0,0.0002742186188697815,-0.008097290992736816,-0.0008135661482810974,0.0008195638656616211,0.00030759721994400024,-8.64267349243164e-05
2342,49543,33,402,1310,0,-0.0006782636046409607,0.007876753807067871,0.0007999315857887268,-0.0027567148208618164,-0.001172386109828949,8.940696716308594e-06
2342,49544,33,403,1310,0,0.00019434839487075806,-0.008812546730041504,-0.0008761510252952576,-0.0008016824722290039,-0.00043507665395736694,-1.4901161193847656e-05
2342,49545,33,404,1310,0,-0.0004940852522850037,0.007590651512145996,0.0007558241486549377,-3.8743019104003906e-05,7.752329111099243e-05,5.6624412536621094e-05
2342,49546,33,405,1310,0,0.000283755362033844,-0.008669495582580566,-0.0008713826537132263,0.0009149312973022461,0.0003314390778541565,-3.8743019104003906e-05
2342,49547,33,406,1310,0,-0.000625215470790863,0.007304549217224121,0.0007403269410133362,-0.002637505531311035,-0.0011366233229637146,5.6624412536621094e-05
2342,49548,33,407,1310,0,0.00019077211618423462,-0.007858872413635254,-0.0007831677794456482,-0.0007301568984985352,-0.0004022940993309021,5.6624412536621094e-05
2342,49549,33,408,1310,0,-0.0005721673369407654,0.008544325828552246,0.0008452311158180237,8.940696716308594e-06,0.00010017305612564087,0.0001043081283569336
2342,49550,33,409,1310,0,0.0002742186188697815,-0.007739663124084473,-0.0007783994078636169,0.0009149312973022461,0.00032786279916763306,8.940696716308594e-06
2342,49551,33,410,1310,0,-0.0005548819899559021,0.008925795555114746,0.0008738413453102112,0.0009626150131225586,0.0005543604493141174,5.6624412536621094e-05
2342,49552,33,411,1310,0,0.00010851770639419556,-0.007906556129455566,-0.0007837638258934021,-0.002136826515197754,-0.0010299310088157654,5.6624412536621094e-05
2342,49553,33,412,1310,0,-0.0005942210555076599,0.008353590965270996,0.0008285418152809143,-0.0007301568984985352,-0.00024493783712387085,0.0001519918441772461
2342,49554,33,413,1310,0,0.00025991350412368774,-0.008025765419006348,-0.0008058175444602966,0.0005334615707397461,0.00014785677194595337,5.6624412536621094e-05
2342,49555,33,414,1310,0,-0.0005393847823143005,0.008544325828552246,0.0008356943726539612,0.0005811452865600586,0.0003695860505104065,0.0001043081283569336
2342,49556,33,415,1310,0,0.00027183443307876587,-0.007739663124084473,-0.0007795915007591248,0.0008195638656616211,0.00029090791940689087,5.6624412536621094e-05
2342,49557,33,416,1310,0,-0.0005662068724632263,0.008830428123474121,0.0008666887879371643,0.0005334615707397461,0.0003612414002418518,0.0001043081283569336
2342,49558,33,417,1310,0,0.0002658739686012268,-0.007477402687072754,-0.0007515773177146912,0.0007718801498413086,0.0002730265259742737,8.940696716308594e-06
2342,49559,33,418,1310,0,-0.0004505738615989685,0.007447600364685059,0.0007331743836402893,0.0005334615707397461,0.0003433600068092346,5.6624412536621094e-05
2342,49560,33,419,1310,0,0.00027898699045181274,-0.008669495582580566,-0.0008707866072654724,0.0008195638656616211,0.0002921000123023987,-1.4901161193847656e-05
2342,49561,33,420,1310,0,-0.0006287917494773865,0.007304549217224121,0.0007379427552223206,-0.00273287296295166,-0.0011747702956199646,0.0001043081283569336
2342,49562,33,421,1310,0,0.00020507723093032837,-0.007835030555725098,-0.0007813796401023865,-0.0004917383193969727,-0.00029262155294418335,5.6624412536621094e-05
2342,49563,33,422,1310,0,-0.0005656108260154724,0.008639693260192871,0.0008499994874000549,0.0002473592758178711,0.0002169981598854065,0.0001043081283569336
2342,49564,33,423,1310,0,0.0002849474549293518,-0.007596611976623535,-0.0007670745253562927,0.0011533498764038086,0.0004375353455543518,8.940696716308594e-06
2342,49565,33,424,1310,0,-0.0007050856947898865,0.008448958396911621,0.0008464232087135315,-0.002446770668029785,-0.0010376796126365662,0.0001519918441772461
2342,49566,33,425,1310,0,0.00020626932382583618,-0.008192658424377441,-0.0008171424269676208,-0.0005394220352172852,-0.00032301992177963257,0.0001043081283569336
2342,49567,33,426,1310,0,-0.0005358085036277771,0.008258223533630371,0.0008106604218482971,0.0001996755599975586,0.0001895800232887268,0.0001519918441772461
2342,49568,33,427,1310,0,0.00028852373361587524,-0.007978081703186035,-0.0008040294051170349,0.0011533498764038086,0.0004196539521217346,5.6624412536621094e-05
2342,49569,33,428,1310,0,-0.0006728991866111755,0.008067488670349121,0.0008046999573707581,-0.002446770668029785,-0.0010466203093528748,0.0001996755599975586
2342,49570,33,429,1310,0,0.00021103769540786743,-0.008550286293029785,-0.0008546933531761169,-0.0005155801773071289,-0.00032301992177963257,0.0001519918441772461
2342,49571,33,430,1310,0,-0.0005024299025535583,0.007924437522888184,0.0007701292634010315,0.0002473592758178711,0.00019315630197525024,0.0001996755599975586
2342,49572,33,431,1310,0,0.0002944841980934143,-0.008335709571838379,-0.0008409842848777771,0.0011533498764038086,0.00043395906686782837,0.0001043081283569336
2342,49573,33,432,1310,0,-0.0006389245390892029,0.007686018943786621,0.0007665529847145081,-0.0023990869522094727,-0.0010239705443382263,0.0001996755599975586
2342,49574,33,433,1310,0,0.00017289072275161743,-0.00883638858795166,-0.0008272752165794373,-0.0004917383193969727,-0.0001448020339012146,-0.0014930963516235352
2342,49575,33,434,1310,0,-0.000485740602016449,0.007686018943786621,0.0007927790284156799,0.0002950429916381836,0.00027064234018325806,-0.0004678964614868164
2342,49576,33,435,1310,0,0.00029925256967544556,-0.008550286293029785,-0.0008642300963401794,0.001201033592224121,0.00044945627450942993,0.0001043081283569336
2342,49577,33,436,1310,0,-0.0006138905882835388,0.007495284080505371,0.0007176771759986877,-0.002327561378479004,-0.001032911241054535,0.0005334615707397461
2342,49578,33,437,1310,0,0.00017289072275161743,-0.007596611976623535,-0.0007116422057151794,-0.0004678964614868164,-0.00016208738088607788,-0.0011354684829711914
2342,49579,33,438,1310,0,-0.0005882605910301208,0.008878111839294434,0.0008881464600563049,0.0002473592758178711,0.00024322420358657837,-8.64267349243164e-05
2342,49580,33,439,1310,0,0.000283755362033844,-0.007334351539611816,-0.0007444247603416443,0.0011533498764038086,0.00042203813791275024,0.0001519918441772461
2342,49581,33,440,1310,0,-0.0005685910582542419,0.007113814353942871,0.0007009878754615784,-0.002065300941467285,-0.000886283814907074,0.0002473592758178711
2342,49582,33,441,1310,0,0.00023964792490005493,-0.009265542030334473,-0.0009274110198020935,-0.00011026859283447266,-0.00014659017324447632,0.0001996755599975586
2342,49583,33,442,1310,0,-0.00042792409658432007,0.007304549217224121,0.0006997957825660706,0.0006765127182006836,0.00038508325815200806,0.0002473592758178711
2342,49584,33,443,1310,0,0.0002944841980934143,-0.007763504981994629,-0.0007873401045799255,0.001296401023864746,0.00047925859689712524,0.0001519918441772461
2342,49585,33,444,1310,0,-0.0006818398833274841,0.008305907249450684,0.0008190050721168518,-0.002327561378479004,-0.0009846314787864685,0.0002473592758178711
2342,49586,33,445,1310,0,0.0002169981598854065,-0.008311867713928223,-0.0008314475417137146,-0.00039637088775634766,-0.0002681836485862732,0.0001996755599975586
2342,49587,33,446,1310,0,-0.0005179271101951599,0.008162856101989746,0.0007880106568336487,0.0003427267074584961,0.000245608389377594,0.0002473592758178711
2342,49588,33,447,1310,0,0.00029806047677993774,-0.008025765419006348,-0.0008141621947288513,0.001296401023864746,0.00047806650400161743,0.0001996755599975586
2342,49589,33,448,1310,0,-0.0005167350172996521,0.008687376976013184,0.0008583441376686096,0.0013440847396850586,0.0007486715912818909,-0.0001341104507446289
2342,49590,33,449,1310,0,0.00013712793588638306,-0.008025765419006348,-0.0007998570799827576,-0.0017315149307250977,-0.000860653817653656,0.0001996755599975586
2342,49591,33,450,1310,0,-0.0005775317549705505,0.008210539817810059,0.0008035078644752502,-0.0006586313247680664,-0.00022288411855697632,0.0002473592758178711
2342,49592,33,451,1310,0,0.0002670660614967346,-0.008144974708557129,-0.0008189305663108826,0.0005811452865600586,0.00017169862985610962,0.0001996755599975586
2342,49593,33,452,1310,0,-0.0005250796675682068,0.008448958396911621,0.0008130446076393127,0.0006765127182006836,0.0003970041871070862,0.0002473592758178711
2342,49594,33,453,1310,0,0.00027898699045181274,-0.007835030555725098,-0.0007903203368186951,0.0009149312973022461,0.0003207102417945862,0.0001519918441772461
2342,49595,33,454,1310,0,-0.0005536898970603943,0.008735060691833496,0.0008476153016090393,0.0006765127182006836,0.00039462000131607056,0.0001996755599975586
2342,49596,33,455,1310,0,0.00018600374460220337,-0.007405877113342285,-0.0006329640746116638,0.0008195638656616211,0.0006175413727760315,-0.003185868263244629
2342,49597,33,456,1310,0,-0.00047381967306137085,0.007590651512145996,0.0008547678589820862,0.0005334615707397461,0.0005007162690162659,-0.0014930963516235352
2342,49598,33,457,1310,0,0.00026229768991470337,-0.008669495582580566,-0.0008487328886985779,0.0008195638656616211,0.00033501535654067993,-0.0005632638931274414
2342,49599,33,458,1310,0,-0.0004863366484642029,0.007924437522888184,0.0007713213562965393,0.0005811452865600586,0.0003493204712867737,0.0001519918441772461
2342,49600,33,459,1310,0,0.00028733164072036743,-0.008383393287658691,-0.0008558854460716248,0.0008195638656616211,0.0002563372254371643,0.0003904104232788086
2342,49601,33,460,1310,0,-0.0005054101347923279,0.008162856101989746,0.0007760897278785706,0.0005811452865600586,0.00033859163522720337,0.0004380941390991211
2342,49602,33,461,1310,0,0.0002849474549293518,-0.008121132850646973,-0.000829063355922699,0.0008672475814819336,0.0002742186188697815,0.0003427267074584961
2342,49603,33,462,1310,0,-0.0005286559462547302,0.008448958396911621,0.0008058920502662659,0.0006288290023803711,0.0003517046570777893,0.0003904104232788086
2342,49604,33,463,1310,0,0.00028137117624282837,-0.007858872413635254,-0.0008016452193260193,0.0008672475814819336,0.00027898699045181274,0.0003427267074584961
2342,49605,33,464,1310,0,-0.0006937608122825623,0.008115172386169434,0.0007927790284156799,-0.00273287296295166,-0.0011950358748435974,0.0004380941390991211
2342,49606,33,465,1310,0,0.00022176653146743774,-0.008526444435119629,-0.0008612498641014099,-0.00044405460357666016,-0.0003146752715110779,0.0003904104232788086
2342,49607,33,466,1310,0,-0.0005012378096580505,0.007972121238708496,0.0007558241486549377,0.0003427267074584961,0.00020388513803482056,0.0004380941390991211
2342,49608,33,467,1310,0,0.0003052130341529846,-0.008288025856018066,-0.0008469447493553162,0.0012487173080444336,0.0004470720887184143,0.0003427267074584961
2342,49609,33,468,1310,0,-0.0006723031401634216,0.007876753807067871,0.0010002031922340393,-0.0023752450942993164,-0.0007223710417747498,-0.0028759241104125977
2342,49610,33,469,1310,0,0.0001788511872291565,-0.00864565372467041,-0.0008183345198631287,-0.0004678964614868164,-0.00016804784536361694,-0.0012546777725219727
2342,49611,33,470,1310,0,-0.0004988536238670349,0.007829070091247559,0.0007927790284156799,0.0002950429916381836,0.0002479925751686096,-0.00020563602447509766
2342,49612,33,471,1310,0,0.0003052130341529846,-0.008383393287658691,-0.0008582696318626404,0.001201033592224121,0.0004256144165992737,0.0003904104232788086
2342,49613,33,472,1310,0,-0.0006258115172386169,0.007638335227966309,0.0007152929902076721,-0.002327561378479004,-0.001057945191860199,0.0008195638656616211
2342,49614,33,473,1310,0,0.00019315630197525024,-0.008931756019592285,-0.0008576735854148865,-0.00039637088775634766,-0.00017102807760238647,-0.0008970499038696289
2342,49615,33,474,1310,0,-0.00048454850912094116,0.007542967796325684,0.000760592520236969,8.940696716308594e-06,0.00012759119272232056,-0.0001817941665649414
2342,49616,33,475,1310,0,0.0002563372254371643,-0.008884072303771973,-0.0008886680006980896,0.0002950429916381836,5.368143320083618e-05,0.0001043081283569336
2342,49617,33,476,1310,0,-0.00048514455556869507,0.007590651512145996,0.0007450953125953674,0.0001043081283569336,0.00012401491403579712,0.0001043081283569336
2342,49618,33,477,1310,0,0.00025872141122817993,-0.008788704872131348,-0.0008803233504295349,0.0003904104232788086,8.229166269302368e-05,5.6624412536621094e-05
2342,49619,33,478,1310,0,-0.0004779919981956482,0.007733702659606934,0.0007594004273414612,0.0004857778549194336,0.00030759721994400024,0.0001043081283569336
2342,49620,33,479,1310,0,0.0002754107117652893,-0.008550286293029785,-0.0008588656783103943,0.0007718801498413086,0.0002551451325416565,8.940696716308594e-06
2342,49621,33,480,1310,0,-0.000498257577419281,0.007972121238708496,0.0007868185639381409,0.0005334615707397461,0.00032905489206314087,5.6624412536621094e-05
2342,49622,33,481,1310,0,0.0002742186188697815,-0.008288025856018066,-0.0008326396346092224,0.0007718801498413086,0.00027064234018325806,-1.4901161193847656e-05
2342,49623,33,482,1310,0,-0.0005209073424339294,0.008258223533630371,0.0008166208863258362,0.0005334615707397461,0.000340975821018219,8.940696716308594e-06
2342,49624,33,483,1310,0,0.00027064234018325806,-0.008025765419006348,-0.0008058175444602966,0.0007718801498413086,0.0002742186188697815,-3.8743019104003906e-05
2342,49625,33,484,1310,0,-0.0005447492003440857,0.008544325828552246,0.0008452311158180237,0.0004857778549194336,0.000340975821018219,8.940696716308594e-06
2342,49626,33,485,1310,0,0.0002658739686012268,-0.007763504981994629,-0.0007789954543113708,0.0007241964340209961,0.0002658739686012268,-6.258487701416016e-05
2342,63758,20047,1447121989,19551,911033679,625822784.0,3321506824192.0,3746317568.0,2.652840835892789e-09,13131573.0,214255088.0
2342,49627,33,486,1310,0,-0.0005691871047019958,0.008782744407653809,0.0008738413453102112,0.0004380941390991211,0.00032905489206314087,-1.4901161193847656e-05
2342,49628,33,487,1310,0,0.00025991350412368774,-0.007525086402893066,-0.0007533654570579529,0.0006765127182006836,0.0002479925751686096,-8.64267349243164e-05
2342,49629,33,488,1310,0,-0.000593625009059906,0.009021162986755371,0.0008988752961158752,0.0003904104232788086,0.00030759721994400024,-3.8743019104003906e-05
2342,49630,33,489,1310,0,0.0002539530396461487,-0.007286667823791504,-0.0007301196455955505,0.0006288290023803711,0.0002181902527809143,-8.64267349243164e-05
2342,49631,33,490,1310,0,-0.00047322362661361694,0.007590651512145996,0.0007582083344459534,0.0003904104232788086,0.00027779489755630493,-3.8743019104003906e-05
2342,49632,33,491,1310,0,0.00026945024728775024,-0.008717179298400879,-0.0008725747466087341,0.0006765127182006836,0.00022891908884048462,-0.00011026859283447266
2342,49633,33,492,1310,0,-0.0004905089735984802,0.007829070091247559,0.0007844343781471252,0.0004380941390991211,0.000302828848361969,-8.64267349243164e-05
2342,49634,33,493,1310,0,0.00026945024728775024,-0.008478760719299316,-0.0008487328886985779,0.0006765127182006836,0.0002479925751686096,-0.00015795230865478516
2342,49635,33,494,1310,0,-0.0005101785063743591,0.008067488670349121,0.0008106604218482971,0.0004380941390991211,0.00031832605600357056,-0.00011026859283447266
2342,49636,33,495,1310,0,0.0002670660614967346,-0.008240342140197754,-0.0008231028914451599,0.0006765127182006836,0.0002551451325416565,-0.0001817941665649414
2342,49637,33,496,1310,0,-0.0005322322249412537,0.008305907249450684,0.0008380785584449768,0.0004380941390991211,0.000321902334690094,-0.0001341104507446289
2342,49638,33,497,1310,0,0.00028017908334732056,-0.008001923561096191,-0.0008236989378929138,0.0006765127182006836,0.00019315630197525024,0.0004380941390991211
2342,49639,33,498,1310,0,-0.0006854161620140076,0.007876753807067871,0.000741519033908844,-0.0028759241104125977,-0.001318417489528656,0.0009149312973022461
2342,49640,33,499,1310,0,0.00016812235116958618,-0.008788704872131348,-0.0008493289351463318,-0.0009447336196899414,-0.00042434781789779663,-0.0008016824722290039
2342,16128,0,11588683,48896,1610612736,1.7562035046963599e-38,0.0,5.871732035601563e-39,0.0,0.0,0.0
2342,16128,0,11588683,48896,1610612736,1.7562035046963599e-38,0.0,0.0,0.0,0.0,0.0
2342,49641,33,500,1310,0,-0.0005042180418968201,0.007590651512145996,0.0007677450776100159,-0.0001817941665649414,1.7918646335601807e-05,-6.258487701416016e-05
2342,49642,33,501,1310,0,0.000283755362033844,-0.008717179298400879,-0.0008833035826683044,0.0007718801498413086,0.00024918466806411743,0.0001996755599975586
2342,49643,33,502,1310,0,-0.00047262758016586304,0.007876753807067871,0.0007653608918190002,0.0008672475814819336,0.00048164278268814087,0.0001996755599975586
2342,49644,33,503,1310,0,0.00012043863534927368,-0.008931756019592285,-0.0008952245116233826,-0.0021845102310180664,-0.0010680779814720154,0.0001996755599975586
2342,49645,33,504,1310,0,-0.0005220994353294373,0.007256865501403809,0.0007129088044166565,-0.0010639429092407227,-0.0004291161894798279,0.0002950429916381836
2342,49646,33,505,1310,0,0.00025156885385513306,-0.008216500282287598,-0.0008308514952659607,0.0001996755599975586,-1.7508864402770996e-06,0.0002473592758178711
2342,49647,33,506,1310,0,-0.0005328282713890076,0.008258223533630371,0.0008046999573707581,0.0002950429916381836,0.00021103769540786743,0.0002473592758178711
2342,49648,33,507,1310,0,0.0002670660614967346,-0.00807344913482666,-0.0008183345198631287,0.0005334615707397461,0.00015262514352798462,0.0001996755599975586
2342,49649,33,508,1310,0,-0.0005465373396873474,0.008448958396911621,0.0008213892579078674,0.0002950429916381836,0.00021461397409439087,0.0002473592758178711
2342,49650,33,509,1310,0,0.000264681875705719,-0.007930397987365723,-0.0008028373122215271,0.0005334615707397461,0.00015262514352798462,0.0001996755599975586
2342,49651,33,510,1310,0,-0.0005608424544334412,0.008592009544372559,0.0008380785584449768,0.0002950429916381836,0.00021222978830337524,0.0002473592758178711
2342,49652,33,511,1310,0,0.00026110559701919556,-0.007763504981994629,-0.0007879361510276794,0.0005334615707397461,0.00014547258615493774,0.0001996755599975586
2342,49653,33,512,1310,0,-0.000574551522731781,0.008735060691833496,0.0008535757660865784,0.0002473592758178711,0.00020269304513931274,0.0002473592758178711
2342,49654,33,513,1310,0,0.0002575293183326721,-0.007644295692443848,-0.0007736310362815857,0.0004857778549194336,0.000131167471408844,0.0001519918441772461
2342,49655,33,514,1310,0,-0.0005882605910301208,0.008830428123474121,0.0008666887879371643,0.0001996755599975586,0.00018719583749771118,0.0001996755599975586
2342,49656,33,515,1310,0,0.0002539530396461487,-0.007525086402893066,-0.0007617101073265076,0.0004380941390991211,0.000112093985080719,0.0001519918441772461
2342,49657,33,516,1310,0,-0.0006007775664329529,0.008973479270935059,0.0008798018097877502,0.0001519918441772461,0.00016693025827407837,0.0001996755599975586
2342,49658,33,517,1310,0,0.00025037676095962524,-0.007405877113342285,-0.0007509812712669373,0.0003904104232788086,8.825212717056274e-05,0.0001519918441772461
2342,49659,33,518,1310,0,-0.0004690513014793396,0.007399916648864746,0.0007260218262672424,0.0001519918441772461,0.00014547258615493774,0.0001996755599975586
2342,49660,33,519,1310,0,0.0002670660614967346,-0.008788704872131348,-0.0008880719542503357,0.0004380941390991211,0.00010851770639419556,0.0001519918441772461
2342,49661,33,520,1310,0,-0.0004893168807029724,0.007686018943786621,0.0007558241486549377,0.0001996755599975586,0.0001788511872291565,0.0001996755599975586
2342,49662,33,521,1310,0,0.00026825815439224243,-0.008669495582580566,-0.0008749589323997498,0.0004857778549194336,0.00013593584299087524,0.0001043081283569336
2342,49663,33,522,1310,0,-0.0004994496703147888,0.007829070091247559,0.0007713213562965393,0.0002473592758178711,0.00020388513803482056,0.0001519918441772461
2342,49664,33,523,1310,0,0.00026825815439224243,-0.008502602577209473,-0.0008600577712059021,0.0005334615707397461,0.00015739351511001587,0.0001043081283569336
2342,49665,33,524,1310,0,-0.0005113705992698669,0.008019804954528809,0.0007892027497291565,0.0002950429916381836,0.00022295862436294556,0.0001519918441772461
2342,49666,33,525,1310,0,0.00026825815439224243,-0.008335709571838379,-0.0008427724242210388,0.0005811452865600586,0.00017169862985610962,5.6624412536621094e-05
2342,49667,33,526,1310,0,-0.0005250796675682068,0.008162856101989746,0.0008082762360572815,0.0002950429916381836,0.00023487955331802368,0.0001043081283569336
2342,49668,33,527,1310,0,0.0002670660614967346,-0.008168816566467285,-0.0008254870772361755,0.0005811452865600586,0.0001788511872291565,5.6624412536621094e-05
2342,49669,33,528,1310,0,-0.0006866082549095154,0.007733702659606934,0.0007808580994606018,-0.003018975257873535,-0.0013196095824241638,0.0001519918441772461
2342,49670,33,529,1310,0,0.00020507723093032837,-0.008931756019592285,-0.0008964166045188904,-0.0007301568984985352,-0.0004112347960472107,0.0001043081283569336
2342,49671,33,530,1310,0,-0.0004809722304344177,0.007495284080505371,0.0007367506623268127,5.6624412536621094e-05,9.898096323013306e-05,0.0001519918441772461
2342,49672,33,531,1310,0,0.0002658739686012268,-0.00769197940826416,-0.0007789954543113708,0.0006288290023803711,0.00020507723093032837,0.0001043081283569336
2342,49673,33,532,1310,0,-0.0005793198943138123,0.008830428123474121,0.0008690729737281799,0.0003427267074584961,0.00026229768991470337,0.0001519918441772461
2342,49674,33,533,1310,0,0.00029090791940689087,-0.007382035255432129,-0.0007521733641624451,0.0012487173080444336,0.00048760324716567993,0.0001043081283569336
2342,49675,33,534,1310,0,-0.0005656108260154724,0.007066130638122559,0.0007117167115211487,-0.00196993350982666,-0.0008445605635643005,0.0001519918441772461
2342,49676,33,535,1310,0,0.00022891908884048462,-0.009313225746154785,-0.0009363517165184021,-0.0003248453140258789,-0.00023659318685531616,0.0001043081283569336
2342,49677,33,536,1310,0,-0.000447593629360199,0.007113814353942871,0.0007009878754615784,0.0001519918441772461,0.00012997537851333618,0.0001519918441772461
2342,49678,33,537,1310,0,0.00027183443307876587,-0.00788271427154541,-0.0007974728941917419,0.0007241964340209961,0.0002444162964820862,0.0001043081283569336
2342,49679,33,538,1310,0,-0.0005608424544334412,0.008687376976013184,0.0008535757660865784,0.0004380941390991211,0.000302828848361969,0.0001519918441772461
2342,49680,33,539,1310,0,0.0002670660614967346,-0.007644295692443848,-0.0007742270827293396,0.0006765127182006836,0.00023249536752700806,5.6624412536621094e-05
2342,49681,33,540,1310,0,-0.0005828961730003357,0.008878111839294434,0.0008774176239967346,0.0003904104232788086,0.00028852373361587524,0.0001043081283569336
2342,49682,33,541,1310,0,0.00026110559701919556,-0.007429718971252441,-0.0007521733641624451,0.0006288290023803711,0.00021103769540786743,5.6624412536621094e-05
2342,49683,33,542,1310,0,-0.0004607066512107849,0.007447600364685059,0.0007367506623268127,0.0003904104232788086,0.00026825815439224243,0.0001043081283569336
2342,49684,33,543,1310,0,0.0002766028046607971,-0.008693337440490723,-0.0008779391646385193,0.0006765127182006836,0.00023011118173599243,8.940696716308594e-06
2342,49685,33,544,1310,0,-0.000491701066493988,0.007829070091247559,0.0007784739136695862,0.0004380941390991211,0.00029806047677993774,5.6624412536621094e-05
2342,49686,33,545,1310,0,0.0002754107117652893,-0.00845491886138916,-0.000854097306728363,0.0007241964340209961,0.00025037676095962524,8.940696716308594e-06
2342,11278,20047,1447121989,19551,911033679,625822784.0,3321506824192.0,3746317568.0,2.652840835892789e-09,13131573.0,214255088.0
2342,46347,18245,1313165897,17247,341005123,3300.329833984375,1.4071868670649303e+19,1.522758843234884e+19,13.265933990478516,214255088.0,4.235164736271502e-22
2342,60427,18245,1313165897,17247,341005126,3300.329833984375,1.4071868670649303e+19,1.5227591730883723e+19,13.265933990478516,214255088.0,6.617444900424222e-24
2342,49687,33,546,1310,0,-0.0006556138396263123,0.007495284080505371,0.0007594004273414612,-0.0028520822525024414,-0.0012456998229026794,0.0001043081283569336
2342,49688,33,547,1310,0,0.00018123537302017212,-0.007739663124084473,-0.0007754191756248474,-0.0009447336196899414,-0.0004970654845237732,0.0001043081283569336
2342,49689,33,548,1310,0,-0.0005930289626121521,0.008639693260192871,0.000855959951877594,-0.00020563602447509766,-5.923211574554443e-06,0.0001519918441772461
2342,49690,33,549,1310,0,0.00026825815439224243,-0.00769197940826416,-0.0007789954543113708,0.0006765127182006836,0.00023487955331802368,0.0001043081283569336
2342,49691,33,550,1310,0,-0.0005668029189109802,0.008878111839294434,0.000875033438205719,0.0007241964340209961,0.0004482641816139221,0.0001043081283569336
2342,49692,33,551,1310,0,0.0002766028046607971,-0.007358193397521973,-0.0007456168532371521,0.0009626150131225586,0.00036600977182388306,5.6624412536621094e-05
2342,49693,33,552,1310,0,-0.0005823001265525818,0.007066130638122559,0.0007129088044166565,-0.002256035804748535,-0.0009739026427268982,0.0001519918441772461
2342,49694,33,553,1310,0,0.00023130327463150024,-0.009337067604064941,-0.0009381398558616638,-0.0002771615982055664,-0.0002103671431541443,0.0001043081283569336
2342,49695,33,554,1310,0,-0.00044461339712142944,0.007113814353942871,0.0007021799683570862,0.0001996755599975586,0.00015620142221450806,0.0001519918441772461
2342,49696,33,555,1310,0,0.0002742186188697815,-0.00788271427154541,-0.000796876847743988,0.0007718801498413086,0.00027064234018325806,5.6624412536621094e-05
2342,49697,33,556,1310,0,-0.0005602464079856873,0.008687376976013184,0.0008571520447731018,0.0004857778549194336,0.0003302469849586487,0.0001043081283569336
2342,49698,33,557,1310,0,0.00026825815439224243,-0.007620453834533691,-0.0007706508040428162,0.0007241964340209961,0.00025872141122817993,5.6624412536621094e-05
2342,49699,33,558,1310,0,-0.0007265433669090271,0.008305907249450684,0.0008392706513404846,-0.0028759241104125977,-0.0012474879622459412,0.0001519918441772461
2342,49700,33,559,1310,0,0.000188387930393219,-0.008383393287658691,-0.0008409842848777771,-0.0009447336196899414,-0.0005042180418968201,0.0001519918441772461
2342,49701,33,560,1310,0,-0.0005352124571800232,0.007972121238708496,0.0007880106568336487,-0.0001817941665649414,-5.923211574554443e-06,0.0001996755599975586
2342,49702,33,561,1310,0,0.00025991350412368774,-0.008311867713928223,-0.0008183345198631287,0.0007241964340209961,0.00030998140573501587,-0.0005394220352172852
2342,49703,33,562,1310,0,-0.0005101785063743591,0.008305907249450684,0.0008118525147438049,0.0008195638656616211,0.0004661455750465393,0.0001519918441772461
2342,49704,33,563,1310,0,0.00012043863534927368,-0.008550286293029785,-0.000867210328578949,-0.002256035804748535,-0.0011181458830833435,0.0004857778549194336
2342,49705,33,564,1310,0,-0.0005578622221946716,0.007733702659606934,0.0008571520447731018,-0.0008493661880493164,-0.000193081796169281,-0.0011116266250610352
2342,49706,33,565,1310,0,0.0002479925751686096,-0.00864565372467041,-0.0008517131209373474,0.0004380941390991211,0.00016335397958755493,-0.0005155801773071289
2342,49707,33,566,1310,0,-0.0004970654845237732,0.007924437522888184,0.0008201971650123596,0.0004857778549194336,0.00037554651498794556,-0.0004678964614868164
2342,49708,33,567,1310,0,0.00027064234018325806,-0.008383393287658691,-0.0008362159132957458,0.0007718801498413086,0.00029090791940689087,-0.00020563602447509766
2342,49709,33,568,1310,0,-0.0005185231566429138,0.008210539817810059,0.0008273497223854065,0.0005334615707397461,0.0003528967499732971,-0.0001817941665649414
2342,49710,33,569,1310,0,0.0002670660614967346,-0.008097290992736816,-0.0008076056838035583,0.0007718801498413086,0.0002921000123023987,-0.0002294778823852539
2342,49711,33,570,1310,0,-0.0005441531538963318,0.008496642112731934,0.0008583441376686096,0.0004857778549194336,0.0003517046570777893,-0.00020563602447509766
2342,49712,33,571,1310,0,0.00026229768991470337,-0.007811188697814941,-0.0007789954543113708,0.0007241964340209961,0.0002825632691383362,-0.00025331974029541016
2342,49713,33,572,1310,0,-0.0007128342986106873,0.008115172386169434,0.0008428469300270081,-0.0028759241104125977,-0.0012248381972312927,-0.00015795230865478516
2342,49714,33,573,1310,0,0.00018242746591567993,-0.008550286293029785,-0.0008475407958030701,-0.0009447336196899414,-0.0004797801375389099,-0.0001817941665649414
2342,49715,33,574,1310,0,-0.000523887574672699,0.007829070091247559,0.0007939711213111877,-0.0001817941665649414,1.7918646335601807e-05,-0.0001341104507446289
2342,49716,33,575,1310,0,0.00027064234018325806,-0.008478760719299316,-0.0008475407958030701,0.0007241964340209961,0.00027779489755630493,-0.0001817941665649414
2342,49717,33,576,1310,0,-0.0004976615309715271,0.008115172386169434,0.000817812979221344,0.0008195638656616211,0.0004983320832252502,-0.00015795230865478516
2342,49718,33,577,1310,0,0.00010494142770767212,-0.008693337440490723,-0.0008582696318626404,-0.002256035804748535,-0.0010615214705467224,-0.00015795230865478516
2342,49719,33,578,1310,0,-0.0005352124571800232,0.007542967796325684,0.0007677450776100159,-0.0008255243301391602,-0.0002777203917503357,-0.00011026859283447266
2342,49720,33,579,1310,0,0.00025991350412368774,-0.00883638858795166,-0.0008809193968772888,0.0004857778549194336,0.00014904886484146118,-0.00015795230865478516
2342,49721,33,580,1310,0,-0.0004762038588523865,0.007733702659606934,0.0007772818207740784,0.0005811452865600586,0.00036720186471939087,-0.0001341104507446289
2342,49722,33,581,1310,0,0.0002754107117652893,-0.008550286293029785,-0.0008535012602806091,0.0008195638656616211,0.00031951814889907837,-0.00020563602447509766
2342,49723,33,582,1310,0,-0.000644288957118988,0.007447600364685059,0.0007665529847145081,-0.00273287296295166,-0.001171790063381195,-0.00011026859283447266
2342,49724,33,583,1310,0,0.00018123537302017212,-0.007763504981994629,-0.0007676705718040466,-0.0008255243301391602,-0.00042732805013656616,-0.00011026859283447266
2342,49725,33,584,1310,0,-0.0005882605910301208,0.008639693260192871,0.0008690729737281799,-0.00011026859283447266,6.202608346939087e-05,-6.258487701416016e-05
2342,49726,33,585,1310,0,0.0002658739686012268,-0.007644295692443848,-0.000765286386013031,0.0007718801498413086,0.00029925256967544556,-0.0001341104507446289
2342,49727,33,586,1310,0,-0.0005685910582542419,0.008973479270935059,0.000894106924533844,0.0008195638656616211,0.0005102530121803284,-8.64267349243164e-05
2342,49728,33,587,1310,0,9.778887033462524e-05,-0.007858872413635254,-0.0007760152220726013,-0.002256035804748535,-0.0010716542601585388,-8.64267349243164e-05
2342,49729,33,588,1310,0,-0.0006055459380149841,0.008353590965270996,0.0008440390229225159,-0.0008732080459594727,-0.0002973899245262146,-1.4901161193847656e-05
2342,49730,33,589,1310,0,0.00025037676095962524,-0.008025765419006348,-0.0008016452193260193,0.0003904104232788086,0.00010732561349868774,-6.258487701416016e-05
2342,49731,33,590,1310,0,-0.0005465373396873474,0.008496642112731934,0.0008464232087135315,0.0004380941390991211,0.00031594187021255493,-3.8743019104003906e-05
2342,49732,33,591,1310,0,0.0002634897828102112,-0.007787346839904785,-0.0007801875472068787,0.0006765127182006836,0.0002468004822731018,-8.64267349243164e-05
2342,49733,33,592,1310,0,-0.0005691871047019958,0.008735060691833496,0.0008726492524147034,0.0003904104232788086,0.0003040209412574768,-3.8743019104003906e-05
2342,49734,33,593,1310,0,0.0002575293183326721,-0.007572770118713379,-0.0007569417357444763,0.0006288290023803711,0.00022891908884048462,-0.00011026859283447266
2342,49735,33,594,1310,0,-0.0005918368697166443,0.008973479270935059,0.0008964911103248596,0.0003427267074584961,0.0002825632691383362,-6.258487701416016e-05
2342,49736,33,595,1310,0,0.00025156885385513306,-0.007358193397521973,-0.0007354840636253357,0.0005811452865600586,0.00020030885934829712,-0.00011026859283447266
2342,49737,33,596,1310,0,-0.0004696473479270935,0.007495284080505371,0.0007534399628639221,0.0003427267074584961,0.0002551451325416565,-8.64267349243164e-05
2342,49738,33,597,1310,0,0.0002658739686012268,-0.00864565372467041,-0.0008630380034446716,0.0006288290023803711,0.00021222978830337524,-0.00015795230865478516
2342,49739,33,598,1310,0,-0.0004994496703147888,0.007876753807067871,0.0007939711213111877,0.0003904104232788086,0.00027898699045181274,-0.00011026859283447266
2342,49740,33,599,1310,0,0.000264681875705719,-0.008431077003479004,-0.000841580331325531,0.0006288290023803711,0.000226534903049469,-0.0001817941665649414
2342,49741,33,600,1310,0,-0.0005179271101951599,0.008115172386169434,0.000817812979221344,0.0003904104232788086,0.00028971582651138306,-0.0001341104507446289
2342,49742,33,601,1310,0,0.00026229768991470337,-0.008192658424377441,-0.0008183345198631287,0.0006288290023803711,0.00023130327463150024,-0.00020563602447509766
2342,49743,33,602,1310,0,-0.0005375966429710388,0.008353590965270996,0.0008428469300270081,0.0003904104232788086,0.00029090791940689087,-0.00015795230865478516
2342,49744,33,603,1310,0,0.00025991350412368774,-0.007978081703186035,-0.0007956847548484802,0.0006288290023803711,0.000226534903049469,-0.0002294778823852539
2342,49745,33,604,1310,0,-0.0005578622221946716,0.008544325828552246,0.0008666887879371643,0.0003427267074584961,0.000283755362033844,-0.0001817941665649414
2342,49746,33,605,1310,0,0.0002551451325416565,-0.007763504981994629,-0.0007742270827293396,0.0005811452865600586,0.00021222978830337524,-0.0002294778823852539
2342,49747,33,606,1310,0,-0.0005721673369407654,0.008735060691833496,0.000836886465549469,0.0002950429916381836,0.000207461416721344,0.0004857778549194336
2342,49748,33,607,1310,0,0.00018242746591567993,-0.00750124454498291,-0.0006603822112083435,0.0004857778549194336,0.00043038278818130493,-0.00292360782623291
2342,49749,33,608,1310,0,-0.00047560781240463257,0.007399916648864746,0.0008237734436988831,0.0001996755599975586,0.0003123655915260315,-0.0012069940567016602
2342,49750,33,609,1310,0,0.00025276094675064087,-0.008121132850646973,-0.0008076056838035583,0.0004857778549194336,0.00016454607248306274,-0.0002771615982055664
2342,49751,33,610,1310,0,-0.0005459412932395935,0.008353590965270996,0.0008058920502662659,0.0001996755599975586,0.00016216188669204712,0.0004380941390991211
2342,49752,33,611,1310,0,0.0002766028046607971,-0.008001923561096191,-0.0008326396346092224,0.0004857778549194336,7.51391053199768e-05,0.0007241964340209961
2342,49753,33,612,1310,0,-0.0006973370909690857,0.007829070091247559,0.0007439032196998596,-0.003090500831604004,-0.001414380967617035,0.0008195638656616211
2342,49754,33,613,1310,0,0.00016454607248306274,-0.008788704872131348,-0.0008397921919822693,-0.0008255243301391602,-0.0003361329436302185,-0.0012069940567016602
2342,49755,33,614,1310,0,-0.0005006417632102966,0.007638335227966309,0.0007748976349830627,-6.258487701416016e-05,7.633119821548462e-05,-0.00015795230865478516
2342,49756,33,615,1310,0,0.00029686838388442993,-0.008693337440490723,-0.0008910521864891052,0.0008672475814819336,0.00027779489755630493,0.0004380941390991211
2342,49757,33,616,1310,0,-0.0006186589598655701,0.007256865501403809,0.0006807222962379456,-0.0026613473892211914,-0.001223646104335785,0.0008672475814819336
2342,49758,33,617,1310,0,0.0001705065369606018,-0.00788271427154541,-0.0007581338286399841,-0.0007539987564086914,-0.00033255666494369507,-0.0008255243301391602
2342,49759,33,618,1310,0,-0.0005721673369407654,0.008544325828552246,0.0008356943726539612,-3.8743019104003906e-05,7.275491952896118e-05,0.0002473592758178711
2342,49760,33,619,1310,0,0.00028852373361587524,-0.007787346839904785,-0.0008028373122215271,0.0009149312973022461,0.0002825632691383362,0.0004857778549194336
2342,49761,33,620,1310,0,-0.0007319077849388123,0.008305907249450684,0.0010359659790992737,-0.0027567148208618164,-0.0009280070662498474,-0.00273287296295166
2342,49762,33,621,1310,0,0.0001788511872291565,-0.00826418399810791,-0.0007879361510276794,-0.0005394220352172852,-0.00020977109670639038,-0.001087784767150879
2342,49763,33,622,1310,0,-0.0005453452467918396,0.008162856101989746,0.0008166208863258362,-0.0001341104507446289,4.652887582778931e-05,-3.8743019104003906e-05
2342,49764,33,623,1310,0,0.0002575293183326721,-0.008311867713928223,-0.0008523091673851013,0.0001519918441772461,-6.433576345443726e-05,0.0005811452865600586
2342,49765,33,624,1310,0,-0.0005316361784934998,0.008067488670349121,0.0007367506623268127,-8.64267349243164e-05,-3.214925527572632e-05,0.0009626150131225586
2342,49766,33,625,1310,0,0.0001800432801246643,-0.00826418399810791,-0.0007474049925804138,0.0001519918441772461,0.0002169981598854065,-0.002422928810119629
2342,49767,33,626,1310,0,-0.0005441531538963318,0.008258223533630371,0.000875033438205719,0.0001996755599975586,0.00025991350412368774,-0.0007063150405883789
2342,49768,33,627,1310,0,0.0002849474549293518,-0.007978081703186035,-0.0007998570799827576,0.001105666160583496,0.0004291906952857971,-0.00011026859283447266
2342,49769,33,628,1310,0,-0.0006788596510887146,0.008067488670349121,0.0008213892579078674,-0.0024944543838500977,-0.0010543689131736755,-1.4901161193847656e-05
2342,49770,33,629,1310,0,0.00020507723093032837,-0.008550286293029785,-0.0008511170744895935,-0.0005632638931274414,-0.00032182782888412476,-3.8743019104003906e-05
2342,49771,33,630,1310,0,-0.0005077943205833435,0.007924437522888184,0.0007868185639381409,0.0001996755599975586,0.000188387930393219,-1.4901161193847656e-05
2342,49772,33,631,1310,0,0.00028971582651138306,-0.008335709571838379,-0.0008374080061912537,0.001105666160583496,0.0004351511597633362,-8.64267349243164e-05
2342,49773,33,632,1310,0,-0.0006454810500144958,0.007686018943786621,0.0007832422852516174,-0.002446770668029785,-0.0010400637984275818,8.940696716308594e-06
2342,49774,33,633,1310,0,0.00021222978830337524,-0.008907914161682129,-0.000886283814907074,-0.0004917383193969727,-0.0002985820174217224,-1.4901161193847656e-05
2342,49775,33,634,1310,0,-0.00047560781240463257,0.007542967796325684,0.0007498636841773987,0.0002950429916381836,0.00021580606698989868,8.940696716308594e-06
2342,49776,33,635,1310,0,0.00029686838388442993,-0.00864565372467041,-0.0008701905608177185,0.001201033592224121,0.00047210603952407837,-6.258487701416016e-05
2342,49777,33,636,1310,0,-0.0006132945418357849,0.007399916648864746,0.0007510557770729065,-0.00235140323638916,-0.0009971484541893005,8.940696716308594e-06
2342,49778,33,637,1310,0,0.00020507723093032837,-0.007715821266174316,-0.0007676705718040466,-0.00044405460357666016,-0.00026520341634750366,8.940696716308594e-06
2342,49779,33,638,1310,0,-0.0005763396620750427,0.008782744407653809,0.0008666887879371643,0.0002950429916381836,0.0002372637391090393,5.6624412536621094e-05
2342,49780,33,639,1310,0,0.0002921000123023987,-0.007477402687072754,-0.000765286386013031,0.001201033592224121,0.00043038278818130493,0.0002950429916381836
2342,49781,33,640,1310,0,-0.0005566701292991638,0.006970763206481934,0.0006819143891334534,-0.0020176172256469727,-0.0008868798613548279,0.0003904104232788086
2342,49782,33,641,1310,0,0.0002479925751686096,-0.009384751319885254,-0.0009470805525779724,-3.8743019104003906e-05,-0.00013168901205062866,0.0003427267074584961
2342,49783,33,642,1310,0,-0.00042792409658432007,0.007113814353942871,0.0006783381104469299,0.0004380941390991211,0.00024322420358657837,0.0003904104232788086
2342,49784,33,643,1310,0,0.00028852373361587524,-0.007835030555725098,-0.0007998570799827576,0.001010298728942871,0.00035408884286880493,0.0002950429916381836
2342,49785,33,644,1310,0,-0.0005507096648216248,0.008735060691833496,0.0008404627442359924,0.0007241964340209961,0.00042203813791275024,0.0003427267074584961
2342,49786,33,645,1310,0,0.0002825632691383362,-0.00750124454498291,-0.0007658824324607849,0.0009626150131225586,0.00034574419260025024,0.0002950429916381836
2342,10774,18245,1313165897,17247,1128351058,869422336.0,3205.460693359375,36428.26953125,231233606909952.0,1.4648062241627177e+19,1.479329123498197e+19
2342,49787,33,646,1310,0,-0.0004392489790916443,0.007447600364685059,0.0007152929902076721,0.0007718801498413086,0.00041250139474868774,0.0002950429916381836
